Quantity,Sub-Category_Accessories,Sub-Category_Appliances,Sub-Category_Envelopes,Sub-Category_Machines,Sub-Category_Phones,Sub-Category_Art,Sub-Category_Storage,Sub-Category_Bookcases,Sub-Category_Binders,Sub-Category_Fasteners,Sub-Category_Paper,Sub-Category_Supplies,Sub-Category_Furnishings,Sub-Category_Copiers,Sub-Category_Labels,Sub-Category_Chairs,Sub-Category_Tables,order_month,order_year,Original_Price_Clipped,Predicted Sales,Category,Region,Sub_Category
0,0,0,0,0,0,0,0,0,0,0,0,0,0,0,0,0,0,1,2024,0,-0.0008955300440362518,,Central,Category_Furniture
0,0,0,0,0,0,0,0,0,0,0,0,0,0,0,0,0,0,2,2024,0,-0.0008955235624741979,,Central,Category_Furniture
0,0,0,0,0,0,0,0,0,0,0,0,0,0,0,0,0,0,3,2024,0,-0.0008955170809121441,,Central,Category_Furniture
0,0,0,0,0,0,0,0,0,0,0,0,0,0,0,0,0,0,4,2024,0,-0.0008955105993500904,,Central,Category_Furniture
0,0,0,0,0,0,0,0,0,0,0,0,0,0,0,0,0,0,5,2024,0,-0.0008955041177880366,,Central,Category_Furniture
0,0,0,0,0,0,0,0,0,0,0,0,0,0,0,0,0,0,6,2024,0,-0.0008954976362259827,,Central,Category_Furniture
0,0,0,0,0,0,0,0,0,0,0,0,0,0,0,0,0,0,7,2024,0,-0.0008954911546639289,,Central,Category_Furniture
0,0,0,0,0,0,0,0,0,0,0,0,0,0,0,0,0,0,8,2024,0,-0.0008954846731018751,,Central,Category_Furniture
0,0,0,0,0,0,0,0,0,0,0,0,0,0,0,0,0,0,9,2024,0,-0.0008954781915398213,,Central,Category_Furniture
0,0,0,0,0,0,0,0,0,0,0,0,0,0,0,0,0,0,10,2024,0,-0.0008954717099777674,,Central,Category_Furniture
0,0,0,0,0,0,0,0,0,0,0,0,0,0,0,0,0,0,11,2024,0,-0.0008954652284157137,,Central,Category_Furniture
0,0,0,0,0,0,0,0,0,0,0,0,0,0,0,0,0,0,12,2024,0,-0.0008954587468536599,,Central,Category_Furniture
0,0,0,0,0,0,0,0,0,0,0,0,0,0,0,0,0,0,1,2024,0,-0.0008958001177587685,,Central,Category_Office Supplies
0,0,0,0,0,0,0,0,0,0,0,0,0,0,0,0,0,0,2,2024,0,-0.0008957936361967148,,Central,Category_Office Supplies
0,0,0,0,0,0,0,0,0,0,0,0,0,0,0,0,0,0,3,2024,0,-0.000895787154634661,,Central,Category_Office Supplies
0,0,0,0,0,0,0,0,0,0,0,0,0,0,0,0,0,0,4,2024,0,-0.0008957806730726071,,Central,Category_Office Supplies
0,0,0,0,0,0,0,0,0,0,0,0,0,0,0,0,0,0,5,2024,0,-0.0008957741915105533,,Central,Category_Office Supplies
0,0,0,0,0,0,0,0,0,0,0,0,0,0,0,0,0,0,6,2024,0,-0.0008957677099484995,,Central,Category_Office Supplies
0,0,0,0,0,0,0,0,0,0,0,0,0,0,0,0,0,0,7,2024,0,-0.0008957612283864457,,Central,Category_Office Supplies
0,0,0,0,0,0,0,0,0,0,0,0,0,0,0,0,0,0,8,2024,0,-0.0008957547468243918,,Central,Category_Office Supplies
0,0,0,0,0,0,0,0,0,0,0,0,0,0,0,0,0,0,9,2024,0,-0.0008957482652623381,,Central,Category_Office Supplies
0,0,0,0,0,0,0,0,0,0,0,0,0,0,0,0,0,0,10,2024,0,-0.0008957417837002843,,Central,Category_Office Supplies
0,0,0,0,0,0,0,0,0,0,0,0,0,0,0,0,0,0,11,2024,0,-0.0008957353021382305,,Central,Category_Office Supplies
0,0,0,0,0,0,0,0,0,0,0,0,0,0,0,0,0,0,12,2024,0,-0.0008957288205761766,,Central,Category_Office Supplies
0,0,0,0,0,0,0,0,0,0,0,0,0,0,0,0,0,0,1,2024,0,-0.0008954884929689703,,Central,Category_Technology
0,0,0,0,0,0,0,0,0,0,0,0,0,0,0,0,0,0,2,2024,0,-0.0008954820114069165,,Central,Category_Technology
0,0,0,0,0,0,0,0,0,0,0,0,0,0,0,0,0,0,3,2024,0,-0.0008954755298448627,,Central,Category_Technology
0,0,0,0,0,0,0,0,0,0,0,0,0,0,0,0,0,0,4,2024,0,-0.0008954690482828088,,Central,Category_Technology
0,0,0,0,0,0,0,0,0,0,0,0,0,0,0,0,0,0,5,2024,0,-0.000895462566720755,,Central,Category_Technology
0,0,0,0,0,0,0,0,0,0,0,0,0,0,0,0,0,0,6,2024,0,-0.0008954560851587013,,Central,Category_Technology
0,0,0,0,0,0,0,0,0,0,0,0,0,0,0,0,0,0,7,2024,0,-0.0008954496035966475,,Central,Category_Technology
0,0,0,0,0,0,0,0,0,0,0,0,0,0,0,0,0,0,8,2024,0,-0.0008954431220345937,,Central,Category_Technology
0,0,0,0,0,0,0,0,0,0,0,0,0,0,0,0,0,0,9,2024,0,-0.0008954366404725398,,Central,Category_Technology
0,0,0,0,0,0,0,0,0,0,0,0,0,0,0,0,0,0,10,2024,0,-0.000895430158910486,,Central,Category_Technology
0,0,0,0,0,0,0,0,0,0,0,0,0,0,0,0,0,0,11,2024,0,-0.0008954236773484322,,Central,Category_Technology
0,0,0,0,0,0,0,0,0,0,0,0,0,0,0,0,0,0,12,2024,0,-0.0008954171957863783,,Central,Category_Technology
0,0,0,0,0,0,0,0,0,0,0,0,0,0,0,0,0,0,1,2024,0,-0.0008956062182546635,,Central,
0,0,0,0,0,0,0,0,0,0,0,0,0,0,0,0,0,0,2,2024,0,-0.0008955997366926098,,Central,
0,0,0,0,0,0,0,0,0,0,0,0,0,0,0,0,0,0,3,2024,0,-0.000895593255130556,,Central,
0,0,0,0,0,0,0,0,0,0,0,0,0,0,0,0,0,0,4,2024,0,-0.0008955867735685021,,Central,
0,0,0,0,0,0,0,0,0,0,0,0,0,0,0,0,0,0,5,2024,0,-0.0008955802920064483,,Central,
0,0,0,0,0,0,0,0,0,0,0,0,0,0,0,0,0,0,6,2024,0,-0.0008955738104443945,,Central,
0,0,0,0,0,0,0,0,0,0,0,0,0,0,0,0,0,0,7,2024,0,-0.0008955673288823407,,Central,
0,0,0,0,0,0,0,0,0,0,0,0,0,0,0,0,0,0,8,2024,0,-0.0008955608473202868,,Central,
0,0,0,0,0,0,0,0,0,0,0,0,0,0,0,0,0,0,9,2024,0,-0.0008955543657582331,,Central,
0,0,0,0,0,0,0,0,0,0,0,0,0,0,0,0,0,0,10,2024,0,-0.0008955478841961793,,Central,
0,0,0,0,0,0,0,0,0,0,0,0,0,0,0,0,0,0,11,2024,0,-0.0008955414026341255,,Central,
0,0,0,0,0,0,0,0,0,0,0,0,0,0,0,0,0,0,12,2024,0,-0.0008955349210720716,,Central,
0,0,0,0,0,0,0,0,0,0,0,0,0,0,0,0,0,0,1,2024,0,-0.0008956062182546635,,Central,
0,0,0,0,0,0,0,0,0,0,0,0,0,0,0,0,0,0,2,2024,0,-0.0008955997366926098,,Central,
0,0,0,0,0,0,0,0,0,0,0,0,0,0,0,0,0,0,3,2024,0,-0.000895593255130556,,Central,
0,0,0,0,0,0,0,0,0,0,0,0,0,0,0,0,0,0,4,2024,0,-0.0008955867735685021,,Central,
0,0,0,0,0,0,0,0,0,0,0,0,0,0,0,0,0,0,5,2024,0,-0.0008955802920064483,,Central,
0,0,0,0,0,0,0,0,0,0,0,0,0,0,0,0,0,0,6,2024,0,-0.0008955738104443945,,Central,
0,0,0,0,0,0,0,0,0,0,0,0,0,0,0,0,0,0,7,2024,0,-0.0008955673288823407,,Central,
0,0,0,0,0,0,0,0,0,0,0,0,0,0,0,0,0,0,8,2024,0,-0.0008955608473202868,,Central,
0,0,0,0,0,0,0,0,0,0,0,0,0,0,0,0,0,0,9,2024,0,-0.0008955543657582331,,Central,
0,0,0,0,0,0,0,0,0,0,0,0,0,0,0,0,0,0,10,2024,0,-0.0008955478841961793,,Central,
0,0,0,0,0,0,0,0,0,0,0,0,0,0,0,0,0,0,11,2024,0,-0.0008955414026341255,,Central,
0,0,0,0,0,0,0,0,0,0,0,0,0,0,0,0,0,0,12,2024,0,-0.0008955349210720716,,Central,
0,0,0,0,0,0,0,0,0,0,0,0,0,0,0,0,0,0,1,2024,0,-0.0008956062182546635,,Central,
0,0,0,0,0,0,0,0,0,0,0,0,0,0,0,0,0,0,2,2024,0,-0.0008955997366926098,,Central,
0,0,0,0,0,0,0,0,0,0,0,0,0,0,0,0,0,0,3,2024,0,-0.000895593255130556,,Central,
0,0,0,0,0,0,0,0,0,0,0,0,0,0,0,0,0,0,4,2024,0,-0.0008955867735685021,,Central,
0,0,0,0,0,0,0,0,0,0,0,0,0,0,0,0,0,0,5,2024,0,-0.0008955802920064483,,Central,
0,0,0,0,0,0,0,0,0,0,0,0,0,0,0,0,0,0,6,2024,0,-0.0008955738104443945,,Central,
0,0,0,0,0,0,0,0,0,0,0,0,0,0,0,0,0,0,7,2024,0,-0.0008955673288823407,,Central,
0,0,0,0,0,0,0,0,0,0,0,0,0,0,0,0,0,0,8,2024,0,-0.0008955608473202868,,Central,
0,0,0,0,0,0,0,0,0,0,0,0,0,0,0,0,0,0,9,2024,0,-0.0008955543657582331,,Central,
0,0,0,0,0,0,0,0,0,0,0,0,0,0,0,0,0,0,10,2024,0,-0.0008955478841961793,,Central,
0,0,0,0,0,0,0,0,0,0,0,0,0,0,0,0,0,0,11,2024,0,-0.0008955414026341255,,Central,
0,0,0,0,0,0,0,0,0,0,0,0,0,0,0,0,0,0,12,2024,0,-0.0008955349210720716,,Central,
0,0,0,0,0,0,0,0,0,0,0,0,0,0,0,0,0,0,1,2024,0,-0.0008956062182546635,,Central,
0,0,0,0,0,0,0,0,0,0,0,0,0,0,0,0,0,0,2,2024,0,-0.0008955997366926098,,Central,
0,0,0,0,0,0,0,0,0,0,0,0,0,0,0,0,0,0,3,2024,0,-0.000895593255130556,,Central,
0,0,0,0,0,0,0,0,0,0,0,0,0,0,0,0,0,0,4,2024,0,-0.0008955867735685021,,Central,
0,0,0,0,0,0,0,0,0,0,0,0,0,0,0,0,0,0,5,2024,0,-0.0008955802920064483,,Central,
0,0,0,0,0,0,0,0,0,0,0,0,0,0,0,0,0,0,6,2024,0,-0.0008955738104443945,,Central,
0,0,0,0,0,0,0,0,0,0,0,0,0,0,0,0,0,0,7,2024,0,-0.0008955673288823407,,Central,
0,0,0,0,0,0,0,0,0,0,0,0,0,0,0,0,0,0,8,2024,0,-0.0008955608473202868,,Central,
0,0,0,0,0,0,0,0,0,0,0,0,0,0,0,0,0,0,9,2024,0,-0.0008955543657582331,,Central,
0,0,0,0,0,0,0,0,0,0,0,0,0,0,0,0,0,0,10,2024,0,-0.0008955478841961793,,Central,
0,0,0,0,0,0,0,0,0,0,0,0,0,0,0,0,0,0,11,2024,0,-0.0008955414026341255,,Central,
0,0,0,0,0,0,0,0,0,0,0,0,0,0,0,0,0,0,12,2024,0,-0.0008955349210720716,,Central,
0,0,0,0,0,0,0,0,0,0,0,0,0,0,0,0,0,0,1,2024,0,-0.0008956062182546635,,Central,
0,0,0,0,0,0,0,0,0,0,0,0,0,0,0,0,0,0,2,2024,0,-0.0008955997366926098,,Central,
0,0,0,0,0,0,0,0,0,0,0,0,0,0,0,0,0,0,3,2024,0,-0.000895593255130556,,Central,
0,0,0,0,0,0,0,0,0,0,0,0,0,0,0,0,0,0,4,2024,0,-0.0008955867735685021,,Central,
0,0,0,0,0,0,0,0,0,0,0,0,0,0,0,0,0,0,5,2024,0,-0.0008955802920064483,,Central,
0,0,0,0,0,0,0,0,0,0,0,0,0,0,0,0,0,0,6,2024,0,-0.0008955738104443945,,Central,
0,0,0,0,0,0,0,0,0,0,0,0,0,0,0,0,0,0,7,2024,0,-0.0008955673288823407,,Central,
0,0,0,0,0,0,0,0,0,0,0,0,0,0,0,0,0,0,8,2024,0,-0.0008955608473202868,,Central,
0,0,0,0,0,0,0,0,0,0,0,0,0,0,0,0,0,0,9,2024,0,-0.0008955543657582331,,Central,
0,0,0,0,0,0,0,0,0,0,0,0,0,0,0,0,0,0,10,2024,0,-0.0008955478841961793,,Central,
0,0,0,0,0,0,0,0,0,0,0,0,0,0,0,0,0,0,11,2024,0,-0.0008955414026341255,,Central,
0,0,0,0,0,0,0,0,0,0,0,0,0,0,0,0,0,0,12,2024,0,-0.0008955349210720716,,Central,
0,0,0,0,0,0,0,0,0,0,0,0,0,0,0,0,0,0,1,2024,0,-0.0008956062182546635,,Central,
0,0,0,0,0,0,0,0,0,0,0,0,0,0,0,0,0,0,2,2024,0,-0.0008955997366926098,,Central,
0,0,0,0,0,0,0,0,0,0,0,0,0,0,0,0,0,0,3,2024,0,-0.000895593255130556,,Central,
0,0,0,0,0,0,0,0,0,0,0,0,0,0,0,0,0,0,4,2024,0,-0.0008955867735685021,,Central,
0,0,0,0,0,0,0,0,0,0,0,0,0,0,0,0,0,0,5,2024,0,-0.0008955802920064483,,Central,
0,0,0,0,0,0,0,0,0,0,0,0,0,0,0,0,0,0,6,2024,0,-0.0008955738104443945,,Central,
0,0,0,0,0,0,0,0,0,0,0,0,0,0,0,0,0,0,7,2024,0,-0.0008955673288823407,,Central,
0,0,0,0,0,0,0,0,0,0,0,0,0,0,0,0,0,0,8,2024,0,-0.0008955608473202868,,Central,
0,0,0,0,0,0,0,0,0,0,0,0,0,0,0,0,0,0,9,2024,0,-0.0008955543657582331,,Central,
0,0,0,0,0,0,0,0,0,0,0,0,0,0,0,0,0,0,10,2024,0,-0.0008955478841961793,,Central,
0,0,0,0,0,0,0,0,0,0,0,0,0,0,0,0,0,0,11,2024,0,-0.0008955414026341255,,Central,
0,0,0,0,0,0,0,0,0,0,0,0,0,0,0,0,0,0,12,2024,0,-0.0008955349210720716,,Central,
0,0,0,0,0,0,0,0,0,0,0,0,0,0,0,0,0,0,1,2024,0,-0.0008956062182546635,,Central,
0,0,0,0,0,0,0,0,0,0,0,0,0,0,0,0,0,0,2,2024,0,-0.0008955997366926098,,Central,
0,0,0,0,0,0,0,0,0,0,0,0,0,0,0,0,0,0,3,2024,0,-0.000895593255130556,,Central,
0,0,0,0,0,0,0,0,0,0,0,0,0,0,0,0,0,0,4,2024,0,-0.0008955867735685021,,Central,
0,0,0,0,0,0,0,0,0,0,0,0,0,0,0,0,0,0,5,2024,0,-0.0008955802920064483,,Central,
0,0,0,0,0,0,0,0,0,0,0,0,0,0,0,0,0,0,6,2024,0,-0.0008955738104443945,,Central,
0,0,0,0,0,0,0,0,0,0,0,0,0,0,0,0,0,0,7,2024,0,-0.0008955673288823407,,Central,
0,0,0,0,0,0,0,0,0,0,0,0,0,0,0,0,0,0,8,2024,0,-0.0008955608473202868,,Central,
0,0,0,0,0,0,0,0,0,0,0,0,0,0,0,0,0,0,9,2024,0,-0.0008955543657582331,,Central,
0,0,0,0,0,0,0,0,0,0,0,0,0,0,0,0,0,0,10,2024,0,-0.0008955478841961793,,Central,
0,0,0,0,0,0,0,0,0,0,0,0,0,0,0,0,0,0,11,2024,0,-0.0008955414026341255,,Central,
0,0,0,0,0,0,0,0,0,0,0,0,0,0,0,0,0,0,12,2024,0,-0.0008955349210720716,,Central,
0,0,0,0,0,0,0,0,0,0,0,0,0,0,0,0,0,0,1,2024,0,-0.0008956062182546635,,Central,
0,0,0,0,0,0,0,0,0,0,0,0,0,0,0,0,0,0,2,2024,0,-0.0008955997366926098,,Central,
0,0,0,0,0,0,0,0,0,0,0,0,0,0,0,0,0,0,3,2024,0,-0.000895593255130556,,Central,
0,0,0,0,0,0,0,0,0,0,0,0,0,0,0,0,0,0,4,2024,0,-0.0008955867735685021,,Central,
0,0,0,0,0,0,0,0,0,0,0,0,0,0,0,0,0,0,5,2024,0,-0.0008955802920064483,,Central,
0,0,0,0,0,0,0,0,0,0,0,0,0,0,0,0,0,0,6,2024,0,-0.0008955738104443945,,Central,
0,0,0,0,0,0,0,0,0,0,0,0,0,0,0,0,0,0,7,2024,0,-0.0008955673288823407,,Central,
0,0,0,0,0,0,0,0,0,0,0,0,0,0,0,0,0,0,8,2024,0,-0.0008955608473202868,,Central,
0,0,0,0,0,0,0,0,0,0,0,0,0,0,0,0,0,0,9,2024,0,-0.0008955543657582331,,Central,
0,0,0,0,0,0,0,0,0,0,0,0,0,0,0,0,0,0,10,2024,0,-0.0008955478841961793,,Central,
0,0,0,0,0,0,0,0,0,0,0,0,0,0,0,0,0,0,11,2024,0,-0.0008955414026341255,,Central,
0,0,0,0,0,0,0,0,0,0,0,0,0,0,0,0,0,0,12,2024,0,-0.0008955349210720716,,Central,
0,0,0,0,0,0,0,0,0,0,0,0,0,0,0,0,0,0,1,2024,0,-0.0008956062182546635,,Central,
0,0,0,0,0,0,0,0,0,0,0,0,0,0,0,0,0,0,2,2024,0,-0.0008955997366926098,,Central,
0,0,0,0,0,0,0,0,0,0,0,0,0,0,0,0,0,0,3,2024,0,-0.000895593255130556,,Central,
0,0,0,0,0,0,0,0,0,0,0,0,0,0,0,0,0,0,4,2024,0,-0.0008955867735685021,,Central,
0,0,0,0,0,0,0,0,0,0,0,0,0,0,0,0,0,0,5,2024,0,-0.0008955802920064483,,Central,
0,0,0,0,0,0,0,0,0,0,0,0,0,0,0,0,0,0,6,2024,0,-0.0008955738104443945,,Central,
0,0,0,0,0,0,0,0,0,0,0,0,0,0,0,0,0,0,7,2024,0,-0.0008955673288823407,,Central,
0,0,0,0,0,0,0,0,0,0,0,0,0,0,0,0,0,0,8,2024,0,-0.0008955608473202868,,Central,
0,0,0,0,0,0,0,0,0,0,0,0,0,0,0,0,0,0,9,2024,0,-0.0008955543657582331,,Central,
0,0,0,0,0,0,0,0,0,0,0,0,0,0,0,0,0,0,10,2024,0,-0.0008955478841961793,,Central,
0,0,0,0,0,0,0,0,0,0,0,0,0,0,0,0,0,0,11,2024,0,-0.0008955414026341255,,Central,
0,0,0,0,0,0,0,0,0,0,0,0,0,0,0,0,0,0,12,2024,0,-0.0008955349210720716,,Central,
0,0,0,0,0,0,0,0,0,0,0,0,0,0,0,0,0,0,1,2024,0,-0.0008956062182546635,,Central,
0,0,0,0,0,0,0,0,0,0,0,0,0,0,0,0,0,0,2,2024,0,-0.0008955997366926098,,Central,
0,0,0,0,0,0,0,0,0,0,0,0,0,0,0,0,0,0,3,2024,0,-0.000895593255130556,,Central,
0,0,0,0,0,0,0,0,0,0,0,0,0,0,0,0,0,0,4,2024,0,-0.0008955867735685021,,Central,
0,0,0,0,0,0,0,0,0,0,0,0,0,0,0,0,0,0,5,2024,0,-0.0008955802920064483,,Central,
0,0,0,0,0,0,0,0,0,0,0,0,0,0,0,0,0,0,6,2024,0,-0.0008955738104443945,,Central,
0,0,0,0,0,0,0,0,0,0,0,0,0,0,0,0,0,0,7,2024,0,-0.0008955673288823407,,Central,
0,0,0,0,0,0,0,0,0,0,0,0,0,0,0,0,0,0,8,2024,0,-0.0008955608473202868,,Central,
0,0,0,0,0,0,0,0,0,0,0,0,0,0,0,0,0,0,9,2024,0,-0.0008955543657582331,,Central,
0,0,0,0,0,0,0,0,0,0,0,0,0,0,0,0,0,0,10,2024,0,-0.0008955478841961793,,Central,
0,0,0,0,0,0,0,0,0,0,0,0,0,0,0,0,0,0,11,2024,0,-0.0008955414026341255,,Central,
0,0,0,0,0,0,0,0,0,0,0,0,0,0,0,0,0,0,12,2024,0,-0.0008955349210720716,,Central,
0,0,0,0,0,0,0,0,0,0,0,0,0,0,0,0,0,0,1,2024,0,-0.0008956062182546635,,Central,
0,0,0,0,0,0,0,0,0,0,0,0,0,0,0,0,0,0,2,2024,0,-0.0008955997366926098,,Central,
0,0,0,0,0,0,0,0,0,0,0,0,0,0,0,0,0,0,3,2024,0,-0.000895593255130556,,Central,
0,0,0,0,0,0,0,0,0,0,0,0,0,0,0,0,0,0,4,2024,0,-0.0008955867735685021,,Central,
0,0,0,0,0,0,0,0,0,0,0,0,0,0,0,0,0,0,5,2024,0,-0.0008955802920064483,,Central,
0,0,0,0,0,0,0,0,0,0,0,0,0,0,0,0,0,0,6,2024,0,-0.0008955738104443945,,Central,
0,0,0,0,0,0,0,0,0,0,0,0,0,0,0,0,0,0,7,2024,0,-0.0008955673288823407,,Central,
0,0,0,0,0,0,0,0,0,0,0,0,0,0,0,0,0,0,8,2024,0,-0.0008955608473202868,,Central,
0,0,0,0,0,0,0,0,0,0,0,0,0,0,0,0,0,0,9,2024,0,-0.0008955543657582331,,Central,
0,0,0,0,0,0,0,0,0,0,0,0,0,0,0,0,0,0,10,2024,0,-0.0008955478841961793,,Central,
0,0,0,0,0,0,0,0,0,0,0,0,0,0,0,0,0,0,11,2024,0,-0.0008955414026341255,,Central,
0,0,0,0,0,0,0,0,0,0,0,0,0,0,0,0,0,0,12,2024,0,-0.0008955349210720716,,Central,
0,0,0,0,0,0,0,0,0,0,0,0,0,0,0,0,0,0,1,2024,0,-0.0008956062182546635,,Central,
0,0,0,0,0,0,0,0,0,0,0,0,0,0,0,0,0,0,2,2024,0,-0.0008955997366926098,,Central,
0,0,0,0,0,0,0,0,0,0,0,0,0,0,0,0,0,0,3,2024,0,-0.000895593255130556,,Central,
0,0,0,0,0,0,0,0,0,0,0,0,0,0,0,0,0,0,4,2024,0,-0.0008955867735685021,,Central,
0,0,0,0,0,0,0,0,0,0,0,0,0,0,0,0,0,0,5,2024,0,-0.0008955802920064483,,Central,
0,0,0,0,0,0,0,0,0,0,0,0,0,0,0,0,0,0,6,2024,0,-0.0008955738104443945,,Central,
0,0,0,0,0,0,0,0,0,0,0,0,0,0,0,0,0,0,7,2024,0,-0.0008955673288823407,,Central,
0,0,0,0,0,0,0,0,0,0,0,0,0,0,0,0,0,0,8,2024,0,-0.0008955608473202868,,Central,
0,0,0,0,0,0,0,0,0,0,0,0,0,0,0,0,0,0,9,2024,0,-0.0008955543657582331,,Central,
0,0,0,0,0,0,0,0,0,0,0,0,0,0,0,0,0,0,10,2024,0,-0.0008955478841961793,,Central,
0,0,0,0,0,0,0,0,0,0,0,0,0,0,0,0,0,0,11,2024,0,-0.0008955414026341255,,Central,
0,0,0,0,0,0,0,0,0,0,0,0,0,0,0,0,0,0,12,2024,0,-0.0008955349210720716,,Central,
0,0,0,0,0,0,0,0,0,0,0,0,0,0,0,0,0,0,1,2024,0,-0.0008956062182546635,,Central,
0,0,0,0,0,0,0,0,0,0,0,0,0,0,0,0,0,0,2,2024,0,-0.0008955997366926098,,Central,
0,0,0,0,0,0,0,0,0,0,0,0,0,0,0,0,0,0,3,2024,0,-0.000895593255130556,,Central,
0,0,0,0,0,0,0,0,0,0,0,0,0,0,0,0,0,0,4,2024,0,-0.0008955867735685021,,Central,
0,0,0,0,0,0,0,0,0,0,0,0,0,0,0,0,0,0,5,2024,0,-0.0008955802920064483,,Central,
0,0,0,0,0,0,0,0,0,0,0,0,0,0,0,0,0,0,6,2024,0,-0.0008955738104443945,,Central,
0,0,0,0,0,0,0,0,0,0,0,0,0,0,0,0,0,0,7,2024,0,-0.0008955673288823407,,Central,
0,0,0,0,0,0,0,0,0,0,0,0,0,0,0,0,0,0,8,2024,0,-0.0008955608473202868,,Central,
0,0,0,0,0,0,0,0,0,0,0,0,0,0,0,0,0,0,9,2024,0,-0.0008955543657582331,,Central,
0,0,0,0,0,0,0,0,0,0,0,0,0,0,0,0,0,0,10,2024,0,-0.0008955478841961793,,Central,
0,0,0,0,0,0,0,0,0,0,0,0,0,0,0,0,0,0,11,2024,0,-0.0008955414026341255,,Central,
0,0,0,0,0,0,0,0,0,0,0,0,0,0,0,0,0,0,12,2024,0,-0.0008955349210720716,,Central,
0,0,0,0,0,0,0,0,0,0,0,0,0,0,0,0,0,0,1,2024,0,-0.0008956062182546635,,Central,
0,0,0,0,0,0,0,0,0,0,0,0,0,0,0,0,0,0,2,2024,0,-0.0008955997366926098,,Central,
0,0,0,0,0,0,0,0,0,0,0,0,0,0,0,0,0,0,3,2024,0,-0.000895593255130556,,Central,
0,0,0,0,0,0,0,0,0,0,0,0,0,0,0,0,0,0,4,2024,0,-0.0008955867735685021,,Central,
0,0,0,0,0,0,0,0,0,0,0,0,0,0,0,0,0,0,5,2024,0,-0.0008955802920064483,,Central,
0,0,0,0,0,0,0,0,0,0,0,0,0,0,0,0,0,0,6,2024,0,-0.0008955738104443945,,Central,
0,0,0,0,0,0,0,0,0,0,0,0,0,0,0,0,0,0,7,2024,0,-0.0008955673288823407,,Central,
0,0,0,0,0,0,0,0,0,0,0,0,0,0,0,0,0,0,8,2024,0,-0.0008955608473202868,,Central,
0,0,0,0,0,0,0,0,0,0,0,0,0,0,0,0,0,0,9,2024,0,-0.0008955543657582331,,Central,
0,0,0,0,0,0,0,0,0,0,0,0,0,0,0,0,0,0,10,2024,0,-0.0008955478841961793,,Central,
0,0,0,0,0,0,0,0,0,0,0,0,0,0,0,0,0,0,11,2024,0,-0.0008955414026341255,,Central,
0,0,0,0,0,0,0,0,0,0,0,0,0,0,0,0,0,0,12,2024,0,-0.0008955349210720716,,Central,
0,0,0,0,0,0,0,0,0,0,0,0,0,0,0,0,0,0,1,2024,0,-0.0008956062182546635,,Central,
0,0,0,0,0,0,0,0,0,0,0,0,0,0,0,0,0,0,2,2024,0,-0.0008955997366926098,,Central,
0,0,0,0,0,0,0,0,0,0,0,0,0,0,0,0,0,0,3,2024,0,-0.000895593255130556,,Central,
0,0,0,0,0,0,0,0,0,0,0,0,0,0,0,0,0,0,4,2024,0,-0.0008955867735685021,,Central,
0,0,0,0,0,0,0,0,0,0,0,0,0,0,0,0,0,0,5,2024,0,-0.0008955802920064483,,Central,
0,0,0,0,0,0,0,0,0,0,0,0,0,0,0,0,0,0,6,2024,0,-0.0008955738104443945,,Central,
0,0,0,0,0,0,0,0,0,0,0,0,0,0,0,0,0,0,7,2024,0,-0.0008955673288823407,,Central,
0,0,0,0,0,0,0,0,0,0,0,0,0,0,0,0,0,0,8,2024,0,-0.0008955608473202868,,Central,
0,0,0,0,0,0,0,0,0,0,0,0,0,0,0,0,0,0,9,2024,0,-0.0008955543657582331,,Central,
0,0,0,0,0,0,0,0,0,0,0,0,0,0,0,0,0,0,10,2024,0,-0.0008955478841961793,,Central,
0,0,0,0,0,0,0,0,0,0,0,0,0,0,0,0,0,0,11,2024,0,-0.0008955414026341255,,Central,
0,0,0,0,0,0,0,0,0,0,0,0,0,0,0,0,0,0,12,2024,0,-0.0008955349210720716,,Central,
0,0,0,0,0,0,0,0,0,0,0,0,0,0,0,0,0,0,1,2024,0,-0.0008956062182546635,,Central,
0,0,0,0,0,0,0,0,0,0,0,0,0,0,0,0,0,0,2,2024,0,-0.0008955997366926098,,Central,
0,0,0,0,0,0,0,0,0,0,0,0,0,0,0,0,0,0,3,2024,0,-0.000895593255130556,,Central,
0,0,0,0,0,0,0,0,0,0,0,0,0,0,0,0,0,0,4,2024,0,-0.0008955867735685021,,Central,
0,0,0,0,0,0,0,0,0,0,0,0,0,0,0,0,0,0,5,2024,0,-0.0008955802920064483,,Central,
0,0,0,0,0,0,0,0,0,0,0,0,0,0,0,0,0,0,6,2024,0,-0.0008955738104443945,,Central,
0,0,0,0,0,0,0,0,0,0,0,0,0,0,0,0,0,0,7,2024,0,-0.0008955673288823407,,Central,
0,0,0,0,0,0,0,0,0,0,0,0,0,0,0,0,0,0,8,2024,0,-0.0008955608473202868,,Central,
0,0,0,0,0,0,0,0,0,0,0,0,0,0,0,0,0,0,9,2024,0,-0.0008955543657582331,,Central,
0,0,0,0,0,0,0,0,0,0,0,0,0,0,0,0,0,0,10,2024,0,-0.0008955478841961793,,Central,
0,0,0,0,0,0,0,0,0,0,0,0,0,0,0,0,0,0,11,2024,0,-0.0008955414026341255,,Central,
0,0,0,0,0,0,0,0,0,0,0,0,0,0,0,0,0,0,12,2024,0,-0.0008955349210720716,,Central,
0,0,0,0,0,0,0,0,0,0,0,0,0,0,0,0,0,0,1,2024,0,-0.0008956062182546635,,Central,
0,0,0,0,0,0,0,0,0,0,0,0,0,0,0,0,0,0,2,2024,0,-0.0008955997366926098,,Central,
0,0,0,0,0,0,0,0,0,0,0,0,0,0,0,0,0,0,3,2024,0,-0.000895593255130556,,Central,
0,0,0,0,0,0,0,0,0,0,0,0,0,0,0,0,0,0,4,2024,0,-0.0008955867735685021,,Central,
0,0,0,0,0,0,0,0,0,0,0,0,0,0,0,0,0,0,5,2024,0,-0.0008955802920064483,,Central,
0,0,0,0,0,0,0,0,0,0,0,0,0,0,0,0,0,0,6,2024,0,-0.0008955738104443945,,Central,
0,0,0,0,0,0,0,0,0,0,0,0,0,0,0,0,0,0,7,2024,0,-0.0008955673288823407,,Central,
0,0,0,0,0,0,0,0,0,0,0,0,0,0,0,0,0,0,8,2024,0,-0.0008955608473202868,,Central,
0,0,0,0,0,0,0,0,0,0,0,0,0,0,0,0,0,0,9,2024,0,-0.0008955543657582331,,Central,
0,0,0,0,0,0,0,0,0,0,0,0,0,0,0,0,0,0,10,2024,0,-0.0008955478841961793,,Central,
0,0,0,0,0,0,0,0,0,0,0,0,0,0,0,0,0,0,11,2024,0,-0.0008955414026341255,,Central,
0,0,0,0,0,0,0,0,0,0,0,0,0,0,0,0,0,0,12,2024,0,-0.0008955349210720716,,Central,
0,0,0,0,0,0,0,0,0,0,0,0,0,0,0,0,0,0,1,2024,0,-0.0008955366258162605,,East,Category_Furniture
0,0,0,0,0,0,0,0,0,0,0,0,0,0,0,0,0,0,2,2024,0,-0.0008955301442542067,,East,Category_Furniture
0,0,0,0,0,0,0,0,0,0,0,0,0,0,0,0,0,0,3,2024,0,-0.000895523662692153,,East,Category_Furniture
0,0,0,0,0,0,0,0,0,0,0,0,0,0,0,0,0,0,4,2024,0,-0.0008955171811300991,,East,Category_Furniture
0,0,0,0,0,0,0,0,0,0,0,0,0,0,0,0,0,0,5,2024,0,-0.0008955106995680453,,East,Category_Furniture
0,0,0,0,0,0,0,0,0,0,0,0,0,0,0,0,0,0,6,2024,0,-0.0008955042180059915,,East,Category_Furniture
0,0,0,0,0,0,0,0,0,0,0,0,0,0,0,0,0,0,7,2024,0,-0.0008954977364439377,,East,Category_Furniture
0,0,0,0,0,0,0,0,0,0,0,0,0,0,0,0,0,0,8,2024,0,-0.0008954912548818838,,East,Category_Furniture
0,0,0,0,0,0,0,0,0,0,0,0,0,0,0,0,0,0,9,2024,0,-0.00089548477331983,,East,Category_Furniture
0,0,0,0,0,0,0,0,0,0,0,0,0,0,0,0,0,0,10,2024,0,-0.0008954782917577763,,East,Category_Furniture
0,0,0,0,0,0,0,0,0,0,0,0,0,0,0,0,0,0,11,2024,0,-0.0008954718101957225,,East,Category_Furniture
0,0,0,0,0,0,0,0,0,0,0,0,0,0,0,0,0,0,12,2024,0,-0.0008954653286336686,,East,Category_Furniture
0,0,0,0,0,0,0,0,0,0,0,0,0,0,0,0,0,0,1,2024,0,-0.0008958066995387773,,East,Category_Office Supplies
0,0,0,0,0,0,0,0,0,0,0,0,0,0,0,0,0,0,2,2024,0,-0.0008958002179767235,,East,Category_Office Supplies
0,0,0,0,0,0,0,0,0,0,0,0,0,0,0,0,0,0,3,2024,0,-0.0008957937364146697,,East,Category_Office Supplies
0,0,0,0,0,0,0,0,0,0,0,0,0,0,0,0,0,0,4,2024,0,-0.0008957872548526159,,East,Category_Office Supplies
0,0,0,0,0,0,0,0,0,0,0,0,0,0,0,0,0,0,5,2024,0,-0.0008957807732905621,,East,Category_Office Supplies
0,0,0,0,0,0,0,0,0,0,0,0,0,0,0,0,0,0,6,2024,0,-0.0008957742917285082,,East,Category_Office Supplies
0,0,0,0,0,0,0,0,0,0,0,0,0,0,0,0,0,0,7,2024,0,-0.0008957678101664544,,East,Category_Office Supplies
0,0,0,0,0,0,0,0,0,0,0,0,0,0,0,0,0,0,8,2024,0,-0.0008957613286044007,,East,Category_Office Supplies
0,0,0,0,0,0,0,0,0,0,0,0,0,0,0,0,0,0,9,2024,0,-0.0008957548470423469,,East,Category_Office Supplies
0,0,0,0,0,0,0,0,0,0,0,0,0,0,0,0,0,0,10,2024,0,-0.000895748365480293,,East,Category_Office Supplies
0,0,0,0,0,0,0,0,0,0,0,0,0,0,0,0,0,0,11,2024,0,-0.0008957418839182392,,East,Category_Office Supplies
0,0,0,0,0,0,0,0,0,0,0,0,0,0,0,0,0,0,12,2024,0,-0.0008957354023561854,,East,Category_Office Supplies
0,0,0,0,0,0,0,0,0,0,0,0,0,0,0,0,0,0,1,2024,0,-0.0008954950747489791,,East,Category_Technology
0,0,0,0,0,0,0,0,0,0,0,0,0,0,0,0,0,0,2,2024,0,-0.0008954885931869252,,East,Category_Technology
0,0,0,0,0,0,0,0,0,0,0,0,0,0,0,0,0,0,3,2024,0,-0.0008954821116248714,,East,Category_Technology
0,0,0,0,0,0,0,0,0,0,0,0,0,0,0,0,0,0,4,2024,0,-0.0008954756300628176,,East,Category_Technology
0,0,0,0,0,0,0,0,0,0,0,0,0,0,0,0,0,0,5,2024,0,-0.0008954691485007639,,East,Category_Technology
0,0,0,0,0,0,0,0,0,0,0,0,0,0,0,0,0,0,6,2024,0,-0.00089546266693871,,East,Category_Technology
0,0,0,0,0,0,0,0,0,0,0,0,0,0,0,0,0,0,7,2024,0,-0.0008954561853766562,,East,Category_Technology
0,0,0,0,0,0,0,0,0,0,0,0,0,0,0,0,0,0,8,2024,0,-0.0008954497038146024,,East,Category_Technology
0,0,0,0,0,0,0,0,0,0,0,0,0,0,0,0,0,0,9,2024,0,-0.0008954432222525486,,East,Category_Technology
0,0,0,0,0,0,0,0,0,0,0,0,0,0,0,0,0,0,10,2024,0,-0.0008954367406904947,,East,Category_Technology
0,0,0,0,0,0,0,0,0,0,0,0,0,0,0,0,0,0,11,2024,0,-0.0008954302591284409,,East,Category_Technology
0,0,0,0,0,0,0,0,0,0,0,0,0,0,0,0,0,0,12,2024,0,-0.0008954237775663872,,East,Category_Technology
0,0,0,0,0,0,0,0,0,0,0,0,0,0,0,0,0,0,1,2024,0,-0.0008956128000346724,,East,
0,0,0,0,0,0,0,0,0,0,0,0,0,0,0,0,0,0,2,2024,0,-0.0008956063184726185,,East,
0,0,0,0,0,0,0,0,0,0,0,0,0,0,0,0,0,0,3,2024,0,-0.0008955998369105647,,East,
0,0,0,0,0,0,0,0,0,0,0,0,0,0,0,0,0,0,4,2024,0,-0.0008955933553485109,,East,
0,0,0,0,0,0,0,0,0,0,0,0,0,0,0,0,0,0,5,2024,0,-0.0008955868737864571,,East,
0,0,0,0,0,0,0,0,0,0,0,0,0,0,0,0,0,0,6,2024,0,-0.0008955803922244032,,East,
0,0,0,0,0,0,0,0,0,0,0,0,0,0,0,0,0,0,7,2024,0,-0.0008955739106623494,,East,
0,0,0,0,0,0,0,0,0,0,0,0,0,0,0,0,0,0,8,2024,0,-0.0008955674291002957,,East,
0,0,0,0,0,0,0,0,0,0,0,0,0,0,0,0,0,0,9,2024,0,-0.0008955609475382419,,East,
0,0,0,0,0,0,0,0,0,0,0,0,0,0,0,0,0,0,10,2024,0,-0.000895554465976188,,East,
0,0,0,0,0,0,0,0,0,0,0,0,0,0,0,0,0,0,11,2024,0,-0.0008955479844141342,,East,
0,0,0,0,0,0,0,0,0,0,0,0,0,0,0,0,0,0,12,2024,0,-0.0008955415028520804,,East,
0,0,0,0,0,0,0,0,0,0,0,0,0,0,0,0,0,0,1,2024,0,-0.0008956128000346724,,East,
0,0,0,0,0,0,0,0,0,0,0,0,0,0,0,0,0,0,2,2024,0,-0.0008956063184726185,,East,
0,0,0,0,0,0,0,0,0,0,0,0,0,0,0,0,0,0,3,2024,0,-0.0008955998369105647,,East,
0,0,0,0,0,0,0,0,0,0,0,0,0,0,0,0,0,0,4,2024,0,-0.0008955933553485109,,East,
0,0,0,0,0,0,0,0,0,0,0,0,0,0,0,0,0,0,5,2024,0,-0.0008955868737864571,,East,
0,0,0,0,0,0,0,0,0,0,0,0,0,0,0,0,0,0,6,2024,0,-0.0008955803922244032,,East,
0,0,0,0,0,0,0,0,0,0,0,0,0,0,0,0,0,0,7,2024,0,-0.0008955739106623494,,East,
0,0,0,0,0,0,0,0,0,0,0,0,0,0,0,0,0,0,8,2024,0,-0.0008955674291002957,,East,
0,0,0,0,0,0,0,0,0,0,0,0,0,0,0,0,0,0,9,2024,0,-0.0008955609475382419,,East,
0,0,0,0,0,0,0,0,0,0,0,0,0,0,0,0,0,0,10,2024,0,-0.000895554465976188,,East,
0,0,0,0,0,0,0,0,0,0,0,0,0,0,0,0,0,0,11,2024,0,-0.0008955479844141342,,East,
0,0,0,0,0,0,0,0,0,0,0,0,0,0,0,0,0,0,12,2024,0,-0.0008955415028520804,,East,
0,0,0,0,0,0,0,0,0,0,0,0,0,0,0,0,0,0,1,2024,0,-0.0008956128000346724,,East,
0,0,0,0,0,0,0,0,0,0,0,0,0,0,0,0,0,0,2,2024,0,-0.0008956063184726185,,East,
0,0,0,0,0,0,0,0,0,0,0,0,0,0,0,0,0,0,3,2024,0,-0.0008955998369105647,,East,
0,0,0,0,0,0,0,0,0,0,0,0,0,0,0,0,0,0,4,2024,0,-0.0008955933553485109,,East,
0,0,0,0,0,0,0,0,0,0,0,0,0,0,0,0,0,0,5,2024,0,-0.0008955868737864571,,East,
0,0,0,0,0,0,0,0,0,0,0,0,0,0,0,0,0,0,6,2024,0,-0.0008955803922244032,,East,
0,0,0,0,0,0,0,0,0,0,0,0,0,0,0,0,0,0,7,2024,0,-0.0008955739106623494,,East,
0,0,0,0,0,0,0,0,0,0,0,0,0,0,0,0,0,0,8,2024,0,-0.0008955674291002957,,East,
0,0,0,0,0,0,0,0,0,0,0,0,0,0,0,0,0,0,9,2024,0,-0.0008955609475382419,,East,
0,0,0,0,0,0,0,0,0,0,0,0,0,0,0,0,0,0,10,2024,0,-0.000895554465976188,,East,
0,0,0,0,0,0,0,0,0,0,0,0,0,0,0,0,0,0,11,2024,0,-0.0008955479844141342,,East,
0,0,0,0,0,0,0,0,0,0,0,0,0,0,0,0,0,0,12,2024,0,-0.0008955415028520804,,East,
0,0,0,0,0,0,0,0,0,0,0,0,0,0,0,0,0,0,1,2024,0,-0.0008956128000346724,,East,
0,0,0,0,0,0,0,0,0,0,0,0,0,0,0,0,0,0,2,2024,0,-0.0008956063184726185,,East,
0,0,0,0,0,0,0,0,0,0,0,0,0,0,0,0,0,0,3,2024,0,-0.0008955998369105647,,East,
0,0,0,0,0,0,0,0,0,0,0,0,0,0,0,0,0,0,4,2024,0,-0.0008955933553485109,,East,
0,0,0,0,0,0,0,0,0,0,0,0,0,0,0,0,0,0,5,2024,0,-0.0008955868737864571,,East,
0,0,0,0,0,0,0,0,0,0,0,0,0,0,0,0,0,0,6,2024,0,-0.0008955803922244032,,East,
0,0,0,0,0,0,0,0,0,0,0,0,0,0,0,0,0,0,7,2024,0,-0.0008955739106623494,,East,
0,0,0,0,0,0,0,0,0,0,0,0,0,0,0,0,0,0,8,2024,0,-0.0008955674291002957,,East,
0,0,0,0,0,0,0,0,0,0,0,0,0,0,0,0,0,0,9,2024,0,-0.0008955609475382419,,East,
0,0,0,0,0,0,0,0,0,0,0,0,0,0,0,0,0,0,10,2024,0,-0.000895554465976188,,East,
0,0,0,0,0,0,0,0,0,0,0,0,0,0,0,0,0,0,11,2024,0,-0.0008955479844141342,,East,
0,0,0,0,0,0,0,0,0,0,0,0,0,0,0,0,0,0,12,2024,0,-0.0008955415028520804,,East,
0,0,0,0,0,0,0,0,0,0,0,0,0,0,0,0,0,0,1,2024,0,-0.0008956128000346724,,East,
0,0,0,0,0,0,0,0,0,0,0,0,0,0,0,0,0,0,2,2024,0,-0.0008956063184726185,,East,
0,0,0,0,0,0,0,0,0,0,0,0,0,0,0,0,0,0,3,2024,0,-0.0008955998369105647,,East,
0,0,0,0,0,0,0,0,0,0,0,0,0,0,0,0,0,0,4,2024,0,-0.0008955933553485109,,East,
0,0,0,0,0,0,0,0,0,0,0,0,0,0,0,0,0,0,5,2024,0,-0.0008955868737864571,,East,
0,0,0,0,0,0,0,0,0,0,0,0,0,0,0,0,0,0,6,2024,0,-0.0008955803922244032,,East,
0,0,0,0,0,0,0,0,0,0,0,0,0,0,0,0,0,0,7,2024,0,-0.0008955739106623494,,East,
0,0,0,0,0,0,0,0,0,0,0,0,0,0,0,0,0,0,8,2024,0,-0.0008955674291002957,,East,
0,0,0,0,0,0,0,0,0,0,0,0,0,0,0,0,0,0,9,2024,0,-0.0008955609475382419,,East,
0,0,0,0,0,0,0,0,0,0,0,0,0,0,0,0,0,0,10,2024,0,-0.000895554465976188,,East,
0,0,0,0,0,0,0,0,0,0,0,0,0,0,0,0,0,0,11,2024,0,-0.0008955479844141342,,East,
0,0,0,0,0,0,0,0,0,0,0,0,0,0,0,0,0,0,12,2024,0,-0.0008955415028520804,,East,
0,0,0,0,0,0,0,0,0,0,0,0,0,0,0,0,0,0,1,2024,0,-0.0008956128000346724,,East,
0,0,0,0,0,0,0,0,0,0,0,0,0,0,0,0,0,0,2,2024,0,-0.0008956063184726185,,East,
0,0,0,0,0,0,0,0,0,0,0,0,0,0,0,0,0,0,3,2024,0,-0.0008955998369105647,,East,
0,0,0,0,0,0,0,0,0,0,0,0,0,0,0,0,0,0,4,2024,0,-0.0008955933553485109,,East,
0,0,0,0,0,0,0,0,0,0,0,0,0,0,0,0,0,0,5,2024,0,-0.0008955868737864571,,East,
0,0,0,0,0,0,0,0,0,0,0,0,0,0,0,0,0,0,6,2024,0,-0.0008955803922244032,,East,
0,0,0,0,0,0,0,0,0,0,0,0,0,0,0,0,0,0,7,2024,0,-0.0008955739106623494,,East,
0,0,0,0,0,0,0,0,0,0,0,0,0,0,0,0,0,0,8,2024,0,-0.0008955674291002957,,East,
0,0,0,0,0,0,0,0,0,0,0,0,0,0,0,0,0,0,9,2024,0,-0.0008955609475382419,,East,
0,0,0,0,0,0,0,0,0,0,0,0,0,0,0,0,0,0,10,2024,0,-0.000895554465976188,,East,
0,0,0,0,0,0,0,0,0,0,0,0,0,0,0,0,0,0,11,2024,0,-0.0008955479844141342,,East,
0,0,0,0,0,0,0,0,0,0,0,0,0,0,0,0,0,0,12,2024,0,-0.0008955415028520804,,East,
0,0,0,0,0,0,0,0,0,0,0,0,0,0,0,0,0,0,1,2024,0,-0.0008956128000346724,,East,
0,0,0,0,0,0,0,0,0,0,0,0,0,0,0,0,0,0,2,2024,0,-0.0008956063184726185,,East,
0,0,0,0,0,0,0,0,0,0,0,0,0,0,0,0,0,0,3,2024,0,-0.0008955998369105647,,East,
0,0,0,0,0,0,0,0,0,0,0,0,0,0,0,0,0,0,4,2024,0,-0.0008955933553485109,,East,
0,0,0,0,0,0,0,0,0,0,0,0,0,0,0,0,0,0,5,2024,0,-0.0008955868737864571,,East,
0,0,0,0,0,0,0,0,0,0,0,0,0,0,0,0,0,0,6,2024,0,-0.0008955803922244032,,East,
0,0,0,0,0,0,0,0,0,0,0,0,0,0,0,0,0,0,7,2024,0,-0.0008955739106623494,,East,
0,0,0,0,0,0,0,0,0,0,0,0,0,0,0,0,0,0,8,2024,0,-0.0008955674291002957,,East,
0,0,0,0,0,0,0,0,0,0,0,0,0,0,0,0,0,0,9,2024,0,-0.0008955609475382419,,East,
0,0,0,0,0,0,0,0,0,0,0,0,0,0,0,0,0,0,10,2024,0,-0.000895554465976188,,East,
0,0,0,0,0,0,0,0,0,0,0,0,0,0,0,0,0,0,11,2024,0,-0.0008955479844141342,,East,
0,0,0,0,0,0,0,0,0,0,0,0,0,0,0,0,0,0,12,2024,0,-0.0008955415028520804,,East,
0,0,0,0,0,0,0,0,0,0,0,0,0,0,0,0,0,0,1,2024,0,-0.0008956128000346724,,East,
0,0,0,0,0,0,0,0,0,0,0,0,0,0,0,0,0,0,2,2024,0,-0.0008956063184726185,,East,
0,0,0,0,0,0,0,0,0,0,0,0,0,0,0,0,0,0,3,2024,0,-0.0008955998369105647,,East,
0,0,0,0,0,0,0,0,0,0,0,0,0,0,0,0,0,0,4,2024,0,-0.0008955933553485109,,East,
0,0,0,0,0,0,0,0,0,0,0,0,0,0,0,0,0,0,5,2024,0,-0.0008955868737864571,,East,
0,0,0,0,0,0,0,0,0,0,0,0,0,0,0,0,0,0,6,2024,0,-0.0008955803922244032,,East,
0,0,0,0,0,0,0,0,0,0,0,0,0,0,0,0,0,0,7,2024,0,-0.0008955739106623494,,East,
0,0,0,0,0,0,0,0,0,0,0,0,0,0,0,0,0,0,8,2024,0,-0.0008955674291002957,,East,
0,0,0,0,0,0,0,0,0,0,0,0,0,0,0,0,0,0,9,2024,0,-0.0008955609475382419,,East,
0,0,0,0,0,0,0,0,0,0,0,0,0,0,0,0,0,0,10,2024,0,-0.000895554465976188,,East,
0,0,0,0,0,0,0,0,0,0,0,0,0,0,0,0,0,0,11,2024,0,-0.0008955479844141342,,East,
0,0,0,0,0,0,0,0,0,0,0,0,0,0,0,0,0,0,12,2024,0,-0.0008955415028520804,,East,
0,0,0,0,0,0,0,0,0,0,0,0,0,0,0,0,0,0,1,2024,0,-0.0008956128000346724,,East,
0,0,0,0,0,0,0,0,0,0,0,0,0,0,0,0,0,0,2,2024,0,-0.0008956063184726185,,East,
0,0,0,0,0,0,0,0,0,0,0,0,0,0,0,0,0,0,3,2024,0,-0.0008955998369105647,,East,
0,0,0,0,0,0,0,0,0,0,0,0,0,0,0,0,0,0,4,2024,0,-0.0008955933553485109,,East,
0,0,0,0,0,0,0,0,0,0,0,0,0,0,0,0,0,0,5,2024,0,-0.0008955868737864571,,East,
0,0,0,0,0,0,0,0,0,0,0,0,0,0,0,0,0,0,6,2024,0,-0.0008955803922244032,,East,
0,0,0,0,0,0,0,0,0,0,0,0,0,0,0,0,0,0,7,2024,0,-0.0008955739106623494,,East,
0,0,0,0,0,0,0,0,0,0,0,0,0,0,0,0,0,0,8,2024,0,-0.0008955674291002957,,East,
0,0,0,0,0,0,0,0,0,0,0,0,0,0,0,0,0,0,9,2024,0,-0.0008955609475382419,,East,
0,0,0,0,0,0,0,0,0,0,0,0,0,0,0,0,0,0,10,2024,0,-0.000895554465976188,,East,
0,0,0,0,0,0,0,0,0,0,0,0,0,0,0,0,0,0,11,2024,0,-0.0008955479844141342,,East,
0,0,0,0,0,0,0,0,0,0,0,0,0,0,0,0,0,0,12,2024,0,-0.0008955415028520804,,East,
0,0,0,0,0,0,0,0,0,0,0,0,0,0,0,0,0,0,1,2024,0,-0.0008956128000346724,,East,
0,0,0,0,0,0,0,0,0,0,0,0,0,0,0,0,0,0,2,2024,0,-0.0008956063184726185,,East,
0,0,0,0,0,0,0,0,0,0,0,0,0,0,0,0,0,0,3,2024,0,-0.0008955998369105647,,East,
0,0,0,0,0,0,0,0,0,0,0,0,0,0,0,0,0,0,4,2024,0,-0.0008955933553485109,,East,
0,0,0,0,0,0,0,0,0,0,0,0,0,0,0,0,0,0,5,2024,0,-0.0008955868737864571,,East,
0,0,0,0,0,0,0,0,0,0,0,0,0,0,0,0,0,0,6,2024,0,-0.0008955803922244032,,East,
0,0,0,0,0,0,0,0,0,0,0,0,0,0,0,0,0,0,7,2024,0,-0.0008955739106623494,,East,
0,0,0,0,0,0,0,0,0,0,0,0,0,0,0,0,0,0,8,2024,0,-0.0008955674291002957,,East,
0,0,0,0,0,0,0,0,0,0,0,0,0,0,0,0,0,0,9,2024,0,-0.0008955609475382419,,East,
0,0,0,0,0,0,0,0,0,0,0,0,0,0,0,0,0,0,10,2024,0,-0.000895554465976188,,East,
0,0,0,0,0,0,0,0,0,0,0,0,0,0,0,0,0,0,11,2024,0,-0.0008955479844141342,,East,
0,0,0,0,0,0,0,0,0,0,0,0,0,0,0,0,0,0,12,2024,0,-0.0008955415028520804,,East,
0,0,0,0,0,0,0,0,0,0,0,0,0,0,0,0,0,0,1,2024,0,-0.0008956128000346724,,East,
0,0,0,0,0,0,0,0,0,0,0,0,0,0,0,0,0,0,2,2024,0,-0.0008956063184726185,,East,
0,0,0,0,0,0,0,0,0,0,0,0,0,0,0,0,0,0,3,2024,0,-0.0008955998369105647,,East,
0,0,0,0,0,0,0,0,0,0,0,0,0,0,0,0,0,0,4,2024,0,-0.0008955933553485109,,East,
0,0,0,0,0,0,0,0,0,0,0,0,0,0,0,0,0,0,5,2024,0,-0.0008955868737864571,,East,
0,0,0,0,0,0,0,0,0,0,0,0,0,0,0,0,0,0,6,2024,0,-0.0008955803922244032,,East,
0,0,0,0,0,0,0,0,0,0,0,0,0,0,0,0,0,0,7,2024,0,-0.0008955739106623494,,East,
0,0,0,0,0,0,0,0,0,0,0,0,0,0,0,0,0,0,8,2024,0,-0.0008955674291002957,,East,
0,0,0,0,0,0,0,0,0,0,0,0,0,0,0,0,0,0,9,2024,0,-0.0008955609475382419,,East,
0,0,0,0,0,0,0,0,0,0,0,0,0,0,0,0,0,0,10,2024,0,-0.000895554465976188,,East,
0,0,0,0,0,0,0,0,0,0,0,0,0,0,0,0,0,0,11,2024,0,-0.0008955479844141342,,East,
0,0,0,0,0,0,0,0,0,0,0,0,0,0,0,0,0,0,12,2024,0,-0.0008955415028520804,,East,
0,0,0,0,0,0,0,0,0,0,0,0,0,0,0,0,0,0,1,2024,0,-0.0008956128000346724,,East,
0,0,0,0,0,0,0,0,0,0,0,0,0,0,0,0,0,0,2,2024,0,-0.0008956063184726185,,East,
0,0,0,0,0,0,0,0,0,0,0,0,0,0,0,0,0,0,3,2024,0,-0.0008955998369105647,,East,
0,0,0,0,0,0,0,0,0,0,0,0,0,0,0,0,0,0,4,2024,0,-0.0008955933553485109,,East,
0,0,0,0,0,0,0,0,0,0,0,0,0,0,0,0,0,0,5,2024,0,-0.0008955868737864571,,East,
0,0,0,0,0,0,0,0,0,0,0,0,0,0,0,0,0,0,6,2024,0,-0.0008955803922244032,,East,
0,0,0,0,0,0,0,0,0,0,0,0,0,0,0,0,0,0,7,2024,0,-0.0008955739106623494,,East,
0,0,0,0,0,0,0,0,0,0,0,0,0,0,0,0,0,0,8,2024,0,-0.0008955674291002957,,East,
0,0,0,0,0,0,0,0,0,0,0,0,0,0,0,0,0,0,9,2024,0,-0.0008955609475382419,,East,
0,0,0,0,0,0,0,0,0,0,0,0,0,0,0,0,0,0,10,2024,0,-0.000895554465976188,,East,
0,0,0,0,0,0,0,0,0,0,0,0,0,0,0,0,0,0,11,2024,0,-0.0008955479844141342,,East,
0,0,0,0,0,0,0,0,0,0,0,0,0,0,0,0,0,0,12,2024,0,-0.0008955415028520804,,East,
0,0,0,0,0,0,0,0,0,0,0,0,0,0,0,0,0,0,1,2024,0,-0.0008956128000346724,,East,
0,0,0,0,0,0,0,0,0,0,0,0,0,0,0,0,0,0,2,2024,0,-0.0008956063184726185,,East,
0,0,0,0,0,0,0,0,0,0,0,0,0,0,0,0,0,0,3,2024,0,-0.0008955998369105647,,East,
0,0,0,0,0,0,0,0,0,0,0,0,0,0,0,0,0,0,4,2024,0,-0.0008955933553485109,,East,
0,0,0,0,0,0,0,0,0,0,0,0,0,0,0,0,0,0,5,2024,0,-0.0008955868737864571,,East,
0,0,0,0,0,0,0,0,0,0,0,0,0,0,0,0,0,0,6,2024,0,-0.0008955803922244032,,East,
0,0,0,0,0,0,0,0,0,0,0,0,0,0,0,0,0,0,7,2024,0,-0.0008955739106623494,,East,
0,0,0,0,0,0,0,0,0,0,0,0,0,0,0,0,0,0,8,2024,0,-0.0008955674291002957,,East,
0,0,0,0,0,0,0,0,0,0,0,0,0,0,0,0,0,0,9,2024,0,-0.0008955609475382419,,East,
0,0,0,0,0,0,0,0,0,0,0,0,0,0,0,0,0,0,10,2024,0,-0.000895554465976188,,East,
0,0,0,0,0,0,0,0,0,0,0,0,0,0,0,0,0,0,11,2024,0,-0.0008955479844141342,,East,
0,0,0,0,0,0,0,0,0,0,0,0,0,0,0,0,0,0,12,2024,0,-0.0008955415028520804,,East,
0,0,0,0,0,0,0,0,0,0,0,0,0,0,0,0,0,0,1,2024,0,-0.0008956128000346724,,East,
0,0,0,0,0,0,0,0,0,0,0,0,0,0,0,0,0,0,2,2024,0,-0.0008956063184726185,,East,
0,0,0,0,0,0,0,0,0,0,0,0,0,0,0,0,0,0,3,2024,0,-0.0008955998369105647,,East,
0,0,0,0,0,0,0,0,0,0,0,0,0,0,0,0,0,0,4,2024,0,-0.0008955933553485109,,East,
0,0,0,0,0,0,0,0,0,0,0,0,0,0,0,0,0,0,5,2024,0,-0.0008955868737864571,,East,
0,0,0,0,0,0,0,0,0,0,0,0,0,0,0,0,0,0,6,2024,0,-0.0008955803922244032,,East,
0,0,0,0,0,0,0,0,0,0,0,0,0,0,0,0,0,0,7,2024,0,-0.0008955739106623494,,East,
0,0,0,0,0,0,0,0,0,0,0,0,0,0,0,0,0,0,8,2024,0,-0.0008955674291002957,,East,
0,0,0,0,0,0,0,0,0,0,0,0,0,0,0,0,0,0,9,2024,0,-0.0008955609475382419,,East,
0,0,0,0,0,0,0,0,0,0,0,0,0,0,0,0,0,0,10,2024,0,-0.000895554465976188,,East,
0,0,0,0,0,0,0,0,0,0,0,0,0,0,0,0,0,0,11,2024,0,-0.0008955479844141342,,East,
0,0,0,0,0,0,0,0,0,0,0,0,0,0,0,0,0,0,12,2024,0,-0.0008955415028520804,,East,
0,0,0,0,0,0,0,0,0,0,0,0,0,0,0,0,0,0,1,2024,0,-0.0008956128000346724,,East,
0,0,0,0,0,0,0,0,0,0,0,0,0,0,0,0,0,0,2,2024,0,-0.0008956063184726185,,East,
0,0,0,0,0,0,0,0,0,0,0,0,0,0,0,0,0,0,3,2024,0,-0.0008955998369105647,,East,
0,0,0,0,0,0,0,0,0,0,0,0,0,0,0,0,0,0,4,2024,0,-0.0008955933553485109,,East,
0,0,0,0,0,0,0,0,0,0,0,0,0,0,0,0,0,0,5,2024,0,-0.0008955868737864571,,East,
0,0,0,0,0,0,0,0,0,0,0,0,0,0,0,0,0,0,6,2024,0,-0.0008955803922244032,,East,
0,0,0,0,0,0,0,0,0,0,0,0,0,0,0,0,0,0,7,2024,0,-0.0008955739106623494,,East,
0,0,0,0,0,0,0,0,0,0,0,0,0,0,0,0,0,0,8,2024,0,-0.0008955674291002957,,East,
0,0,0,0,0,0,0,0,0,0,0,0,0,0,0,0,0,0,9,2024,0,-0.0008955609475382419,,East,
0,0,0,0,0,0,0,0,0,0,0,0,0,0,0,0,0,0,10,2024,0,-0.000895554465976188,,East,
0,0,0,0,0,0,0,0,0,0,0,0,0,0,0,0,0,0,11,2024,0,-0.0008955479844141342,,East,
0,0,0,0,0,0,0,0,0,0,0,0,0,0,0,0,0,0,12,2024,0,-0.0008955415028520804,,East,
0,0,0,0,0,0,0,0,0,0,0,0,0,0,0,0,0,0,1,2024,0,-0.0008956128000346724,,East,
0,0,0,0,0,0,0,0,0,0,0,0,0,0,0,0,0,0,2,2024,0,-0.0008956063184726185,,East,
0,0,0,0,0,0,0,0,0,0,0,0,0,0,0,0,0,0,3,2024,0,-0.0008955998369105647,,East,
0,0,0,0,0,0,0,0,0,0,0,0,0,0,0,0,0,0,4,2024,0,-0.0008955933553485109,,East,
0,0,0,0,0,0,0,0,0,0,0,0,0,0,0,0,0,0,5,2024,0,-0.0008955868737864571,,East,
0,0,0,0,0,0,0,0,0,0,0,0,0,0,0,0,0,0,6,2024,0,-0.0008955803922244032,,East,
0,0,0,0,0,0,0,0,0,0,0,0,0,0,0,0,0,0,7,2024,0,-0.0008955739106623494,,East,
0,0,0,0,0,0,0,0,0,0,0,0,0,0,0,0,0,0,8,2024,0,-0.0008955674291002957,,East,
0,0,0,0,0,0,0,0,0,0,0,0,0,0,0,0,0,0,9,2024,0,-0.0008955609475382419,,East,
0,0,0,0,0,0,0,0,0,0,0,0,0,0,0,0,0,0,10,2024,0,-0.000895554465976188,,East,
0,0,0,0,0,0,0,0,0,0,0,0,0,0,0,0,0,0,11,2024,0,-0.0008955479844141342,,East,
0,0,0,0,0,0,0,0,0,0,0,0,0,0,0,0,0,0,12,2024,0,-0.0008955415028520804,,East,
0,0,0,0,0,0,0,0,0,0,0,0,0,0,0,0,0,0,1,2024,0,-0.0008956128000346724,,East,
0,0,0,0,0,0,0,0,0,0,0,0,0,0,0,0,0,0,2,2024,0,-0.0008956063184726185,,East,
0,0,0,0,0,0,0,0,0,0,0,0,0,0,0,0,0,0,3,2024,0,-0.0008955998369105647,,East,
0,0,0,0,0,0,0,0,0,0,0,0,0,0,0,0,0,0,4,2024,0,-0.0008955933553485109,,East,
0,0,0,0,0,0,0,0,0,0,0,0,0,0,0,0,0,0,5,2024,0,-0.0008955868737864571,,East,
0,0,0,0,0,0,0,0,0,0,0,0,0,0,0,0,0,0,6,2024,0,-0.0008955803922244032,,East,
0,0,0,0,0,0,0,0,0,0,0,0,0,0,0,0,0,0,7,2024,0,-0.0008955739106623494,,East,
0,0,0,0,0,0,0,0,0,0,0,0,0,0,0,0,0,0,8,2024,0,-0.0008955674291002957,,East,
0,0,0,0,0,0,0,0,0,0,0,0,0,0,0,0,0,0,9,2024,0,-0.0008955609475382419,,East,
0,0,0,0,0,0,0,0,0,0,0,0,0,0,0,0,0,0,10,2024,0,-0.000895554465976188,,East,
0,0,0,0,0,0,0,0,0,0,0,0,0,0,0,0,0,0,11,2024,0,-0.0008955479844141342,,East,
0,0,0,0,0,0,0,0,0,0,0,0,0,0,0,0,0,0,12,2024,0,-0.0008955415028520804,,East,
0,0,0,0,0,0,0,0,0,0,0,0,0,0,0,0,0,0,1,2024,0,-0.0008955597453882091,,South,Category_Furniture
0,0,0,0,0,0,0,0,0,0,0,0,0,0,0,0,0,0,2,2024,0,-0.0008955532638261553,,South,Category_Furniture
0,0,0,0,0,0,0,0,0,0,0,0,0,0,0,0,0,0,3,2024,0,-0.0008955467822641015,,South,Category_Furniture
0,0,0,0,0,0,0,0,0,0,0,0,0,0,0,0,0,0,4,2024,0,-0.0008955403007020477,,South,Category_Furniture
0,0,0,0,0,0,0,0,0,0,0,0,0,0,0,0,0,0,5,2024,0,-0.0008955338191399939,,South,Category_Furniture
0,0,0,0,0,0,0,0,0,0,0,0,0,0,0,0,0,0,6,2024,0,-0.00089552733757794,,South,Category_Furniture
0,0,0,0,0,0,0,0,0,0,0,0,0,0,0,0,0,0,7,2024,0,-0.0008955208560158862,,South,Category_Furniture
0,0,0,0,0,0,0,0,0,0,0,0,0,0,0,0,0,0,8,2024,0,-0.0008955143744538324,,South,Category_Furniture
0,0,0,0,0,0,0,0,0,0,0,0,0,0,0,0,0,0,9,2024,0,-0.0008955078928917787,,South,Category_Furniture
0,0,0,0,0,0,0,0,0,0,0,0,0,0,0,0,0,0,10,2024,0,-0.0008955014113297248,,South,Category_Furniture
0,0,0,0,0,0,0,0,0,0,0,0,0,0,0,0,0,0,11,2024,0,-0.000895494929767671,,South,Category_Furniture
0,0,0,0,0,0,0,0,0,0,0,0,0,0,0,0,0,0,12,2024,0,-0.0008954884482056172,,South,Category_Furniture
0,0,0,0,0,0,0,0,0,0,0,0,0,0,0,0,0,0,1,2024,0,-0.0008958298191107259,,South,Category_Office Supplies
0,0,0,0,0,0,0,0,0,0,0,0,0,0,0,0,0,0,2,2024,0,-0.0008958233375486721,,South,Category_Office Supplies
0,0,0,0,0,0,0,0,0,0,0,0,0,0,0,0,0,0,3,2024,0,-0.0008958168559866183,,South,Category_Office Supplies
0,0,0,0,0,0,0,0,0,0,0,0,0,0,0,0,0,0,4,2024,0,-0.0008958103744245644,,South,Category_Office Supplies
0,0,0,0,0,0,0,0,0,0,0,0,0,0,0,0,0,0,5,2024,0,-0.0008958038928625106,,South,Category_Office Supplies
0,0,0,0,0,0,0,0,0,0,0,0,0,0,0,0,0,0,6,2024,0,-0.0008957974113004568,,South,Category_Office Supplies
0,0,0,0,0,0,0,0,0,0,0,0,0,0,0,0,0,0,7,2024,0,-0.0008957909297384031,,South,Category_Office Supplies
0,0,0,0,0,0,0,0,0,0,0,0,0,0,0,0,0,0,8,2024,0,-0.0008957844481763492,,South,Category_Office Supplies
0,0,0,0,0,0,0,0,0,0,0,0,0,0,0,0,0,0,9,2024,0,-0.0008957779666142954,,South,Category_Office Supplies
0,0,0,0,0,0,0,0,0,0,0,0,0,0,0,0,0,0,10,2024,0,-0.0008957714850522416,,South,Category_Office Supplies
0,0,0,0,0,0,0,0,0,0,0,0,0,0,0,0,0,0,11,2024,0,-0.0008957650034901878,,South,Category_Office Supplies
0,0,0,0,0,0,0,0,0,0,0,0,0,0,0,0,0,0,12,2024,0,-0.0008957585219281339,,South,Category_Office Supplies
0,0,0,0,0,0,0,0,0,0,0,0,0,0,0,0,0,0,1,2024,0,-0.0008955181943209276,,South,Category_Technology
0,0,0,0,0,0,0,0,0,0,0,0,0,0,0,0,0,0,2,2024,0,-0.0008955117127588738,,South,Category_Technology
0,0,0,0,0,0,0,0,0,0,0,0,0,0,0,0,0,0,3,2024,0,-0.00089550523119682,,South,Category_Technology
0,0,0,0,0,0,0,0,0,0,0,0,0,0,0,0,0,0,4,2024,0,-0.0008954987496347662,,South,Category_Technology
0,0,0,0,0,0,0,0,0,0,0,0,0,0,0,0,0,0,5,2024,0,-0.0008954922680727124,,South,Category_Technology
0,0,0,0,0,0,0,0,0,0,0,0,0,0,0,0,0,0,6,2024,0,-0.0008954857865106586,,South,Category_Technology
0,0,0,0,0,0,0,0,0,0,0,0,0,0,0,0,0,0,7,2024,0,-0.0008954793049486048,,South,Category_Technology
0,0,0,0,0,0,0,0,0,0,0,0,0,0,0,0,0,0,8,2024,0,-0.0008954728233865509,,South,Category_Technology
0,0,0,0,0,0,0,0,0,0,0,0,0,0,0,0,0,0,9,2024,0,-0.0008954663418244971,,South,Category_Technology
0,0,0,0,0,0,0,0,0,0,0,0,0,0,0,0,0,0,10,2024,0,-0.0008954598602624433,,South,Category_Technology
0,0,0,0,0,0,0,0,0,0,0,0,0,0,0,0,0,0,11,2024,0,-0.0008954533787003896,,South,Category_Technology
0,0,0,0,0,0,0,0,0,0,0,0,0,0,0,0,0,0,12,2024,0,-0.0008954468971383357,,South,Category_Technology
0,0,0,0,0,0,0,0,0,0,0,0,0,0,0,0,0,0,1,2024,0,-0.0008956359196066209,,South,
0,0,0,0,0,0,0,0,0,0,0,0,0,0,0,0,0,0,2,2024,0,-0.0008956294380445671,,South,
0,0,0,0,0,0,0,0,0,0,0,0,0,0,0,0,0,0,3,2024,0,-0.0008956229564825133,,South,
0,0,0,0,0,0,0,0,0,0,0,0,0,0,0,0,0,0,4,2024,0,-0.0008956164749204594,,South,
0,0,0,0,0,0,0,0,0,0,0,0,0,0,0,0,0,0,5,2024,0,-0.0008956099933584056,,South,
0,0,0,0,0,0,0,0,0,0,0,0,0,0,0,0,0,0,6,2024,0,-0.0008956035117963519,,South,
0,0,0,0,0,0,0,0,0,0,0,0,0,0,0,0,0,0,7,2024,0,-0.0008955970302342981,,South,
0,0,0,0,0,0,0,0,0,0,0,0,0,0,0,0,0,0,8,2024,0,-0.0008955905486722442,,South,
0,0,0,0,0,0,0,0,0,0,0,0,0,0,0,0,0,0,9,2024,0,-0.0008955840671101904,,South,
0,0,0,0,0,0,0,0,0,0,0,0,0,0,0,0,0,0,10,2024,0,-0.0008955775855481366,,South,
0,0,0,0,0,0,0,0,0,0,0,0,0,0,0,0,0,0,11,2024,0,-0.0008955711039860828,,South,
0,0,0,0,0,0,0,0,0,0,0,0,0,0,0,0,0,0,12,2024,0,-0.0008955646224240289,,South,
0,0,0,0,0,0,0,0,0,0,0,0,0,0,0,0,0,0,1,2024,0,-0.0008956359196066209,,South,
0,0,0,0,0,0,0,0,0,0,0,0,0,0,0,0,0,0,2,2024,0,-0.0008956294380445671,,South,
0,0,0,0,0,0,0,0,0,0,0,0,0,0,0,0,0,0,3,2024,0,-0.0008956229564825133,,South,
0,0,0,0,0,0,0,0,0,0,0,0,0,0,0,0,0,0,4,2024,0,-0.0008956164749204594,,South,
0,0,0,0,0,0,0,0,0,0,0,0,0,0,0,0,0,0,5,2024,0,-0.0008956099933584056,,South,
0,0,0,0,0,0,0,0,0,0,0,0,0,0,0,0,0,0,6,2024,0,-0.0008956035117963519,,South,
0,0,0,0,0,0,0,0,0,0,0,0,0,0,0,0,0,0,7,2024,0,-0.0008955970302342981,,South,
0,0,0,0,0,0,0,0,0,0,0,0,0,0,0,0,0,0,8,2024,0,-0.0008955905486722442,,South,
0,0,0,0,0,0,0,0,0,0,0,0,0,0,0,0,0,0,9,2024,0,-0.0008955840671101904,,South,
0,0,0,0,0,0,0,0,0,0,0,0,0,0,0,0,0,0,10,2024,0,-0.0008955775855481366,,South,
0,0,0,0,0,0,0,0,0,0,0,0,0,0,0,0,0,0,11,2024,0,-0.0008955711039860828,,South,
0,0,0,0,0,0,0,0,0,0,0,0,0,0,0,0,0,0,12,2024,0,-0.0008955646224240289,,South,
0,0,0,0,0,0,0,0,0,0,0,0,0,0,0,0,0,0,1,2024,0,-0.0008956359196066209,,South,
0,0,0,0,0,0,0,0,0,0,0,0,0,0,0,0,0,0,2,2024,0,-0.0008956294380445671,,South,
0,0,0,0,0,0,0,0,0,0,0,0,0,0,0,0,0,0,3,2024,0,-0.0008956229564825133,,South,
0,0,0,0,0,0,0,0,0,0,0,0,0,0,0,0,0,0,4,2024,0,-0.0008956164749204594,,South,
0,0,0,0,0,0,0,0,0,0,0,0,0,0,0,0,0,0,5,2024,0,-0.0008956099933584056,,South,
0,0,0,0,0,0,0,0,0,0,0,0,0,0,0,0,0,0,6,2024,0,-0.0008956035117963519,,South,
0,0,0,0,0,0,0,0,0,0,0,0,0,0,0,0,0,0,7,2024,0,-0.0008955970302342981,,South,
0,0,0,0,0,0,0,0,0,0,0,0,0,0,0,0,0,0,8,2024,0,-0.0008955905486722442,,South,
0,0,0,0,0,0,0,0,0,0,0,0,0,0,0,0,0,0,9,2024,0,-0.0008955840671101904,,South,
0,0,0,0,0,0,0,0,0,0,0,0,0,0,0,0,0,0,10,2024,0,-0.0008955775855481366,,South,
0,0,0,0,0,0,0,0,0,0,0,0,0,0,0,0,0,0,11,2024,0,-0.0008955711039860828,,South,
0,0,0,0,0,0,0,0,0,0,0,0,0,0,0,0,0,0,12,2024,0,-0.0008955646224240289,,South,
0,0,0,0,0,0,0,0,0,0,0,0,0,0,0,0,0,0,1,2024,0,-0.0008956359196066209,,South,
0,0,0,0,0,0,0,0,0,0,0,0,0,0,0,0,0,0,2,2024,0,-0.0008956294380445671,,South,
0,0,0,0,0,0,0,0,0,0,0,0,0,0,0,0,0,0,3,2024,0,-0.0008956229564825133,,South,
0,0,0,0,0,0,0,0,0,0,0,0,0,0,0,0,0,0,4,2024,0,-0.0008956164749204594,,South,
0,0,0,0,0,0,0,0,0,0,0,0,0,0,0,0,0,0,5,2024,0,-0.0008956099933584056,,South,
0,0,0,0,0,0,0,0,0,0,0,0,0,0,0,0,0,0,6,2024,0,-0.0008956035117963519,,South,
0,0,0,0,0,0,0,0,0,0,0,0,0,0,0,0,0,0,7,2024,0,-0.0008955970302342981,,South,
0,0,0,0,0,0,0,0,0,0,0,0,0,0,0,0,0,0,8,2024,0,-0.0008955905486722442,,South,
0,0,0,0,0,0,0,0,0,0,0,0,0,0,0,0,0,0,9,2024,0,-0.0008955840671101904,,South,
0,0,0,0,0,0,0,0,0,0,0,0,0,0,0,0,0,0,10,2024,0,-0.0008955775855481366,,South,
0,0,0,0,0,0,0,0,0,0,0,0,0,0,0,0,0,0,11,2024,0,-0.0008955711039860828,,South,
0,0,0,0,0,0,0,0,0,0,0,0,0,0,0,0,0,0,12,2024,0,-0.0008955646224240289,,South,
0,0,0,0,0,0,0,0,0,0,0,0,0,0,0,0,0,0,1,2024,0,-0.0008956359196066209,,South,
0,0,0,0,0,0,0,0,0,0,0,0,0,0,0,0,0,0,2,2024,0,-0.0008956294380445671,,South,
0,0,0,0,0,0,0,0,0,0,0,0,0,0,0,0,0,0,3,2024,0,-0.0008956229564825133,,South,
0,0,0,0,0,0,0,0,0,0,0,0,0,0,0,0,0,0,4,2024,0,-0.0008956164749204594,,South,
0,0,0,0,0,0,0,0,0,0,0,0,0,0,0,0,0,0,5,2024,0,-0.0008956099933584056,,South,
0,0,0,0,0,0,0,0,0,0,0,0,0,0,0,0,0,0,6,2024,0,-0.0008956035117963519,,South,
0,0,0,0,0,0,0,0,0,0,0,0,0,0,0,0,0,0,7,2024,0,-0.0008955970302342981,,South,
0,0,0,0,0,0,0,0,0,0,0,0,0,0,0,0,0,0,8,2024,0,-0.0008955905486722442,,South,
0,0,0,0,0,0,0,0,0,0,0,0,0,0,0,0,0,0,9,2024,0,-0.0008955840671101904,,South,
0,0,0,0,0,0,0,0,0,0,0,0,0,0,0,0,0,0,10,2024,0,-0.0008955775855481366,,South,
0,0,0,0,0,0,0,0,0,0,0,0,0,0,0,0,0,0,11,2024,0,-0.0008955711039860828,,South,
0,0,0,0,0,0,0,0,0,0,0,0,0,0,0,0,0,0,12,2024,0,-0.0008955646224240289,,South,
0,0,0,0,0,0,0,0,0,0,0,0,0,0,0,0,0,0,1,2024,0,-0.0008956359196066209,,South,
0,0,0,0,0,0,0,0,0,0,0,0,0,0,0,0,0,0,2,2024,0,-0.0008956294380445671,,South,
0,0,0,0,0,0,0,0,0,0,0,0,0,0,0,0,0,0,3,2024,0,-0.0008956229564825133,,South,
0,0,0,0,0,0,0,0,0,0,0,0,0,0,0,0,0,0,4,2024,0,-0.0008956164749204594,,South,
0,0,0,0,0,0,0,0,0,0,0,0,0,0,0,0,0,0,5,2024,0,-0.0008956099933584056,,South,
0,0,0,0,0,0,0,0,0,0,0,0,0,0,0,0,0,0,6,2024,0,-0.0008956035117963519,,South,
0,0,0,0,0,0,0,0,0,0,0,0,0,0,0,0,0,0,7,2024,0,-0.0008955970302342981,,South,
0,0,0,0,0,0,0,0,0,0,0,0,0,0,0,0,0,0,8,2024,0,-0.0008955905486722442,,South,
0,0,0,0,0,0,0,0,0,0,0,0,0,0,0,0,0,0,9,2024,0,-0.0008955840671101904,,South,
0,0,0,0,0,0,0,0,0,0,0,0,0,0,0,0,0,0,10,2024,0,-0.0008955775855481366,,South,
0,0,0,0,0,0,0,0,0,0,0,0,0,0,0,0,0,0,11,2024,0,-0.0008955711039860828,,South,
0,0,0,0,0,0,0,0,0,0,0,0,0,0,0,0,0,0,12,2024,0,-0.0008955646224240289,,South,
0,0,0,0,0,0,0,0,0,0,0,0,0,0,0,0,0,0,1,2024,0,-0.0008956359196066209,,South,
0,0,0,0,0,0,0,0,0,0,0,0,0,0,0,0,0,0,2,2024,0,-0.0008956294380445671,,South,
0,0,0,0,0,0,0,0,0,0,0,0,0,0,0,0,0,0,3,2024,0,-0.0008956229564825133,,South,
0,0,0,0,0,0,0,0,0,0,0,0,0,0,0,0,0,0,4,2024,0,-0.0008956164749204594,,South,
0,0,0,0,0,0,0,0,0,0,0,0,0,0,0,0,0,0,5,2024,0,-0.0008956099933584056,,South,
0,0,0,0,0,0,0,0,0,0,0,0,0,0,0,0,0,0,6,2024,0,-0.0008956035117963519,,South,
0,0,0,0,0,0,0,0,0,0,0,0,0,0,0,0,0,0,7,2024,0,-0.0008955970302342981,,South,
0,0,0,0,0,0,0,0,0,0,0,0,0,0,0,0,0,0,8,2024,0,-0.0008955905486722442,,South,
0,0,0,0,0,0,0,0,0,0,0,0,0,0,0,0,0,0,9,2024,0,-0.0008955840671101904,,South,
0,0,0,0,0,0,0,0,0,0,0,0,0,0,0,0,0,0,10,2024,0,-0.0008955775855481366,,South,
0,0,0,0,0,0,0,0,0,0,0,0,0,0,0,0,0,0,11,2024,0,-0.0008955711039860828,,South,
0,0,0,0,0,0,0,0,0,0,0,0,0,0,0,0,0,0,12,2024,0,-0.0008955646224240289,,South,
0,0,0,0,0,0,0,0,0,0,0,0,0,0,0,0,0,0,1,2024,0,-0.0008956359196066209,,South,
0,0,0,0,0,0,0,0,0,0,0,0,0,0,0,0,0,0,2,2024,0,-0.0008956294380445671,,South,
0,0,0,0,0,0,0,0,0,0,0,0,0,0,0,0,0,0,3,2024,0,-0.0008956229564825133,,South,
0,0,0,0,0,0,0,0,0,0,0,0,0,0,0,0,0,0,4,2024,0,-0.0008956164749204594,,South,
0,0,0,0,0,0,0,0,0,0,0,0,0,0,0,0,0,0,5,2024,0,-0.0008956099933584056,,South,
0,0,0,0,0,0,0,0,0,0,0,0,0,0,0,0,0,0,6,2024,0,-0.0008956035117963519,,South,
0,0,0,0,0,0,0,0,0,0,0,0,0,0,0,0,0,0,7,2024,0,-0.0008955970302342981,,South,
0,0,0,0,0,0,0,0,0,0,0,0,0,0,0,0,0,0,8,2024,0,-0.0008955905486722442,,South,
0,0,0,0,0,0,0,0,0,0,0,0,0,0,0,0,0,0,9,2024,0,-0.0008955840671101904,,South,
0,0,0,0,0,0,0,0,0,0,0,0,0,0,0,0,0,0,10,2024,0,-0.0008955775855481366,,South,
0,0,0,0,0,0,0,0,0,0,0,0,0,0,0,0,0,0,11,2024,0,-0.0008955711039860828,,South,
0,0,0,0,0,0,0,0,0,0,0,0,0,0,0,0,0,0,12,2024,0,-0.0008955646224240289,,South,
0,0,0,0,0,0,0,0,0,0,0,0,0,0,0,0,0,0,1,2024,0,-0.0008956359196066209,,South,
0,0,0,0,0,0,0,0,0,0,0,0,0,0,0,0,0,0,2,2024,0,-0.0008956294380445671,,South,
0,0,0,0,0,0,0,0,0,0,0,0,0,0,0,0,0,0,3,2024,0,-0.0008956229564825133,,South,
0,0,0,0,0,0,0,0,0,0,0,0,0,0,0,0,0,0,4,2024,0,-0.0008956164749204594,,South,
0,0,0,0,0,0,0,0,0,0,0,0,0,0,0,0,0,0,5,2024,0,-0.0008956099933584056,,South,
0,0,0,0,0,0,0,0,0,0,0,0,0,0,0,0,0,0,6,2024,0,-0.0008956035117963519,,South,
0,0,0,0,0,0,0,0,0,0,0,0,0,0,0,0,0,0,7,2024,0,-0.0008955970302342981,,South,
0,0,0,0,0,0,0,0,0,0,0,0,0,0,0,0,0,0,8,2024,0,-0.0008955905486722442,,South,
0,0,0,0,0,0,0,0,0,0,0,0,0,0,0,0,0,0,9,2024,0,-0.0008955840671101904,,South,
0,0,0,0,0,0,0,0,0,0,0,0,0,0,0,0,0,0,10,2024,0,-0.0008955775855481366,,South,
0,0,0,0,0,0,0,0,0,0,0,0,0,0,0,0,0,0,11,2024,0,-0.0008955711039860828,,South,
0,0,0,0,0,0,0,0,0,0,0,0,0,0,0,0,0,0,12,2024,0,-0.0008955646224240289,,South,
0,0,0,0,0,0,0,0,0,0,0,0,0,0,0,0,0,0,1,2024,0,-0.0008956359196066209,,South,
0,0,0,0,0,0,0,0,0,0,0,0,0,0,0,0,0,0,2,2024,0,-0.0008956294380445671,,South,
0,0,0,0,0,0,0,0,0,0,0,0,0,0,0,0,0,0,3,2024,0,-0.0008956229564825133,,South,
0,0,0,0,0,0,0,0,0,0,0,0,0,0,0,0,0,0,4,2024,0,-0.0008956164749204594,,South,
0,0,0,0,0,0,0,0,0,0,0,0,0,0,0,0,0,0,5,2024,0,-0.0008956099933584056,,South,
0,0,0,0,0,0,0,0,0,0,0,0,0,0,0,0,0,0,6,2024,0,-0.0008956035117963519,,South,
0,0,0,0,0,0,0,0,0,0,0,0,0,0,0,0,0,0,7,2024,0,-0.0008955970302342981,,South,
0,0,0,0,0,0,0,0,0,0,0,0,0,0,0,0,0,0,8,2024,0,-0.0008955905486722442,,South,
0,0,0,0,0,0,0,0,0,0,0,0,0,0,0,0,0,0,9,2024,0,-0.0008955840671101904,,South,
0,0,0,0,0,0,0,0,0,0,0,0,0,0,0,0,0,0,10,2024,0,-0.0008955775855481366,,South,
0,0,0,0,0,0,0,0,0,0,0,0,0,0,0,0,0,0,11,2024,0,-0.0008955711039860828,,South,
0,0,0,0,0,0,0,0,0,0,0,0,0,0,0,0,0,0,12,2024,0,-0.0008955646224240289,,South,
0,0,0,0,0,0,0,0,0,0,0,0,0,0,0,0,0,0,1,2024,0,-0.0008956359196066209,,South,
0,0,0,0,0,0,0,0,0,0,0,0,0,0,0,0,0,0,2,2024,0,-0.0008956294380445671,,South,
0,0,0,0,0,0,0,0,0,0,0,0,0,0,0,0,0,0,3,2024,0,-0.0008956229564825133,,South,
0,0,0,0,0,0,0,0,0,0,0,0,0,0,0,0,0,0,4,2024,0,-0.0008956164749204594,,South,
0,0,0,0,0,0,0,0,0,0,0,0,0,0,0,0,0,0,5,2024,0,-0.0008956099933584056,,South,
0,0,0,0,0,0,0,0,0,0,0,0,0,0,0,0,0,0,6,2024,0,-0.0008956035117963519,,South,
0,0,0,0,0,0,0,0,0,0,0,0,0,0,0,0,0,0,7,2024,0,-0.0008955970302342981,,South,
0,0,0,0,0,0,0,0,0,0,0,0,0,0,0,0,0,0,8,2024,0,-0.0008955905486722442,,South,
0,0,0,0,0,0,0,0,0,0,0,0,0,0,0,0,0,0,9,2024,0,-0.0008955840671101904,,South,
0,0,0,0,0,0,0,0,0,0,0,0,0,0,0,0,0,0,10,2024,0,-0.0008955775855481366,,South,
0,0,0,0,0,0,0,0,0,0,0,0,0,0,0,0,0,0,11,2024,0,-0.0008955711039860828,,South,
0,0,0,0,0,0,0,0,0,0,0,0,0,0,0,0,0,0,12,2024,0,-0.0008955646224240289,,South,
0,0,0,0,0,0,0,0,0,0,0,0,0,0,0,0,0,0,1,2024,0,-0.0008956359196066209,,South,
0,0,0,0,0,0,0,0,0,0,0,0,0,0,0,0,0,0,2,2024,0,-0.0008956294380445671,,South,
0,0,0,0,0,0,0,0,0,0,0,0,0,0,0,0,0,0,3,2024,0,-0.0008956229564825133,,South,
0,0,0,0,0,0,0,0,0,0,0,0,0,0,0,0,0,0,4,2024,0,-0.0008956164749204594,,South,
0,0,0,0,0,0,0,0,0,0,0,0,0,0,0,0,0,0,5,2024,0,-0.0008956099933584056,,South,
0,0,0,0,0,0,0,0,0,0,0,0,0,0,0,0,0,0,6,2024,0,-0.0008956035117963519,,South,
0,0,0,0,0,0,0,0,0,0,0,0,0,0,0,0,0,0,7,2024,0,-0.0008955970302342981,,South,
0,0,0,0,0,0,0,0,0,0,0,0,0,0,0,0,0,0,8,2024,0,-0.0008955905486722442,,South,
0,0,0,0,0,0,0,0,0,0,0,0,0,0,0,0,0,0,9,2024,0,-0.0008955840671101904,,South,
0,0,0,0,0,0,0,0,0,0,0,0,0,0,0,0,0,0,10,2024,0,-0.0008955775855481366,,South,
0,0,0,0,0,0,0,0,0,0,0,0,0,0,0,0,0,0,11,2024,0,-0.0008955711039860828,,South,
0,0,0,0,0,0,0,0,0,0,0,0,0,0,0,0,0,0,12,2024,0,-0.0008955646224240289,,South,
0,0,0,0,0,0,0,0,0,0,0,0,0,0,0,0,0,0,1,2024,0,-0.0008956359196066209,,South,
0,0,0,0,0,0,0,0,0,0,0,0,0,0,0,0,0,0,2,2024,0,-0.0008956294380445671,,South,
0,0,0,0,0,0,0,0,0,0,0,0,0,0,0,0,0,0,3,2024,0,-0.0008956229564825133,,South,
0,0,0,0,0,0,0,0,0,0,0,0,0,0,0,0,0,0,4,2024,0,-0.0008956164749204594,,South,
0,0,0,0,0,0,0,0,0,0,0,0,0,0,0,0,0,0,5,2024,0,-0.0008956099933584056,,South,
0,0,0,0,0,0,0,0,0,0,0,0,0,0,0,0,0,0,6,2024,0,-0.0008956035117963519,,South,
0,0,0,0,0,0,0,0,0,0,0,0,0,0,0,0,0,0,7,2024,0,-0.0008955970302342981,,South,
0,0,0,0,0,0,0,0,0,0,0,0,0,0,0,0,0,0,8,2024,0,-0.0008955905486722442,,South,
0,0,0,0,0,0,0,0,0,0,0,0,0,0,0,0,0,0,9,2024,0,-0.0008955840671101904,,South,
0,0,0,0,0,0,0,0,0,0,0,0,0,0,0,0,0,0,10,2024,0,-0.0008955775855481366,,South,
0,0,0,0,0,0,0,0,0,0,0,0,0,0,0,0,0,0,11,2024,0,-0.0008955711039860828,,South,
0,0,0,0,0,0,0,0,0,0,0,0,0,0,0,0,0,0,12,2024,0,-0.0008955646224240289,,South,
0,0,0,0,0,0,0,0,0,0,0,0,0,0,0,0,0,0,1,2024,0,-0.0008956359196066209,,South,
0,0,0,0,0,0,0,0,0,0,0,0,0,0,0,0,0,0,2,2024,0,-0.0008956294380445671,,South,
0,0,0,0,0,0,0,0,0,0,0,0,0,0,0,0,0,0,3,2024,0,-0.0008956229564825133,,South,
0,0,0,0,0,0,0,0,0,0,0,0,0,0,0,0,0,0,4,2024,0,-0.0008956164749204594,,South,
0,0,0,0,0,0,0,0,0,0,0,0,0,0,0,0,0,0,5,2024,0,-0.0008956099933584056,,South,
0,0,0,0,0,0,0,0,0,0,0,0,0,0,0,0,0,0,6,2024,0,-0.0008956035117963519,,South,
0,0,0,0,0,0,0,0,0,0,0,0,0,0,0,0,0,0,7,2024,0,-0.0008955970302342981,,South,
0,0,0,0,0,0,0,0,0,0,0,0,0,0,0,0,0,0,8,2024,0,-0.0008955905486722442,,South,
0,0,0,0,0,0,0,0,0,0,0,0,0,0,0,0,0,0,9,2024,0,-0.0008955840671101904,,South,
0,0,0,0,0,0,0,0,0,0,0,0,0,0,0,0,0,0,10,2024,0,-0.0008955775855481366,,South,
0,0,0,0,0,0,0,0,0,0,0,0,0,0,0,0,0,0,11,2024,0,-0.0008955711039860828,,South,
0,0,0,0,0,0,0,0,0,0,0,0,0,0,0,0,0,0,12,2024,0,-0.0008955646224240289,,South,
0,0,0,0,0,0,0,0,0,0,0,0,0,0,0,0,0,0,1,2024,0,-0.0008956359196066209,,South,
0,0,0,0,0,0,0,0,0,0,0,0,0,0,0,0,0,0,2,2024,0,-0.0008956294380445671,,South,
0,0,0,0,0,0,0,0,0,0,0,0,0,0,0,0,0,0,3,2024,0,-0.0008956229564825133,,South,
0,0,0,0,0,0,0,0,0,0,0,0,0,0,0,0,0,0,4,2024,0,-0.0008956164749204594,,South,
0,0,0,0,0,0,0,0,0,0,0,0,0,0,0,0,0,0,5,2024,0,-0.0008956099933584056,,South,
0,0,0,0,0,0,0,0,0,0,0,0,0,0,0,0,0,0,6,2024,0,-0.0008956035117963519,,South,
0,0,0,0,0,0,0,0,0,0,0,0,0,0,0,0,0,0,7,2024,0,-0.0008955970302342981,,South,
0,0,0,0,0,0,0,0,0,0,0,0,0,0,0,0,0,0,8,2024,0,-0.0008955905486722442,,South,
0,0,0,0,0,0,0,0,0,0,0,0,0,0,0,0,0,0,9,2024,0,-0.0008955840671101904,,South,
0,0,0,0,0,0,0,0,0,0,0,0,0,0,0,0,0,0,10,2024,0,-0.0008955775855481366,,South,
0,0,0,0,0,0,0,0,0,0,0,0,0,0,0,0,0,0,11,2024,0,-0.0008955711039860828,,South,
0,0,0,0,0,0,0,0,0,0,0,0,0,0,0,0,0,0,12,2024,0,-0.0008955646224240289,,South,
0,0,0,0,0,0,0,0,0,0,0,0,0,0,0,0,0,0,1,2024,0,-0.0008956359196066209,,South,
0,0,0,0,0,0,0,0,0,0,0,0,0,0,0,0,0,0,2,2024,0,-0.0008956294380445671,,South,
0,0,0,0,0,0,0,0,0,0,0,0,0,0,0,0,0,0,3,2024,0,-0.0008956229564825133,,South,
0,0,0,0,0,0,0,0,0,0,0,0,0,0,0,0,0,0,4,2024,0,-0.0008956164749204594,,South,
0,0,0,0,0,0,0,0,0,0,0,0,0,0,0,0,0,0,5,2024,0,-0.0008956099933584056,,South,
0,0,0,0,0,0,0,0,0,0,0,0,0,0,0,0,0,0,6,2024,0,-0.0008956035117963519,,South,
0,0,0,0,0,0,0,0,0,0,0,0,0,0,0,0,0,0,7,2024,0,-0.0008955970302342981,,South,
0,0,0,0,0,0,0,0,0,0,0,0,0,0,0,0,0,0,8,2024,0,-0.0008955905486722442,,South,
0,0,0,0,0,0,0,0,0,0,0,0,0,0,0,0,0,0,9,2024,0,-0.0008955840671101904,,South,
0,0,0,0,0,0,0,0,0,0,0,0,0,0,0,0,0,0,10,2024,0,-0.0008955775855481366,,South,
0,0,0,0,0,0,0,0,0,0,0,0,0,0,0,0,0,0,11,2024,0,-0.0008955711039860828,,South,
0,0,0,0,0,0,0,0,0,0,0,0,0,0,0,0,0,0,12,2024,0,-0.0008955646224240289,,South,
0,0,0,0,0,0,0,0,0,0,0,0,0,0,0,0,0,0,1,2024,0,-0.0008956359196066209,,South,
0,0,0,0,0,0,0,0,0,0,0,0,0,0,0,0,0,0,2,2024,0,-0.0008956294380445671,,South,
0,0,0,0,0,0,0,0,0,0,0,0,0,0,0,0,0,0,3,2024,0,-0.0008956229564825133,,South,
0,0,0,0,0,0,0,0,0,0,0,0,0,0,0,0,0,0,4,2024,0,-0.0008956164749204594,,South,
0,0,0,0,0,0,0,0,0,0,0,0,0,0,0,0,0,0,5,2024,0,-0.0008956099933584056,,South,
0,0,0,0,0,0,0,0,0,0,0,0,0,0,0,0,0,0,6,2024,0,-0.0008956035117963519,,South,
0,0,0,0,0,0,0,0,0,0,0,0,0,0,0,0,0,0,7,2024,0,-0.0008955970302342981,,South,
0,0,0,0,0,0,0,0,0,0,0,0,0,0,0,0,0,0,8,2024,0,-0.0008955905486722442,,South,
0,0,0,0,0,0,0,0,0,0,0,0,0,0,0,0,0,0,9,2024,0,-0.0008955840671101904,,South,
0,0,0,0,0,0,0,0,0,0,0,0,0,0,0,0,0,0,10,2024,0,-0.0008955775855481366,,South,
0,0,0,0,0,0,0,0,0,0,0,0,0,0,0,0,0,0,11,2024,0,-0.0008955711039860828,,South,
0,0,0,0,0,0,0,0,0,0,0,0,0,0,0,0,0,0,12,2024,0,-0.0008955646224240289,,South,
0,0,0,0,0,0,0,0,0,0,0,0,0,0,0,0,0,0,1,2024,0,-0.0008955251690257971,,West,Category_Furniture
0,0,0,0,0,0,0,0,0,0,0,0,0,0,0,0,0,0,2,2024,0,-0.0008955186874637434,,West,Category_Furniture
0,0,0,0,0,0,0,0,0,0,0,0,0,0,0,0,0,0,3,2024,0,-0.0008955122059016896,,West,Category_Furniture
0,0,0,0,0,0,0,0,0,0,0,0,0,0,0,0,0,0,4,2024,0,-0.0008955057243396357,,West,Category_Furniture
0,0,0,0,0,0,0,0,0,0,0,0,0,0,0,0,0,0,5,2024,0,-0.0008954992427775819,,West,Category_Furniture
0,0,0,0,0,0,0,0,0,0,0,0,0,0,0,0,0,0,6,2024,0,-0.0008954927612155281,,West,Category_Furniture
0,0,0,0,0,0,0,0,0,0,0,0,0,0,0,0,0,0,7,2024,0,-0.0008954862796534742,,West,Category_Furniture
0,0,0,0,0,0,0,0,0,0,0,0,0,0,0,0,0,0,8,2024,0,-0.0008954797980914204,,West,Category_Furniture
0,0,0,0,0,0,0,0,0,0,0,0,0,0,0,0,0,0,9,2024,0,-0.0008954733165293667,,West,Category_Furniture
0,0,0,0,0,0,0,0,0,0,0,0,0,0,0,0,0,0,10,2024,0,-0.0008954668349673129,,West,Category_Furniture
0,0,0,0,0,0,0,0,0,0,0,0,0,0,0,0,0,0,11,2024,0,-0.0008954603534052591,,West,Category_Furniture
0,0,0,0,0,0,0,0,0,0,0,0,0,0,0,0,0,0,12,2024,0,-0.0008954538718432052,,West,Category_Furniture
0,0,0,0,0,0,0,0,0,0,0,0,0,0,0,0,0,0,1,2024,0,-0.0008957952427483139,,West,Category_Office Supplies
0,0,0,0,0,0,0,0,0,0,0,0,0,0,0,0,0,0,2,2024,0,-0.0008957887611862601,,West,Category_Office Supplies
0,0,0,0,0,0,0,0,0,0,0,0,0,0,0,0,0,0,3,2024,0,-0.0008957822796242063,,West,Category_Office Supplies
0,0,0,0,0,0,0,0,0,0,0,0,0,0,0,0,0,0,4,2024,0,-0.0008957757980621525,,West,Category_Office Supplies
0,0,0,0,0,0,0,0,0,0,0,0,0,0,0,0,0,0,5,2024,0,-0.0008957693165000987,,West,Category_Office Supplies
0,0,0,0,0,0,0,0,0,0,0,0,0,0,0,0,0,0,6,2024,0,-0.0008957628349380448,,West,Category_Office Supplies
0,0,0,0,0,0,0,0,0,0,0,0,0,0,0,0,0,0,7,2024,0,-0.0008957563533759911,,West,Category_Office Supplies
0,0,0,0,0,0,0,0,0,0,0,0,0,0,0,0,0,0,8,2024,0,-0.0008957498718139373,,West,Category_Office Supplies
0,0,0,0,0,0,0,0,0,0,0,0,0,0,0,0,0,0,9,2024,0,-0.0008957433902518834,,West,Category_Office Supplies
0,0,0,0,0,0,0,0,0,0,0,0,0,0,0,0,0,0,10,2024,0,-0.0008957369086898296,,West,Category_Office Supplies
0,0,0,0,0,0,0,0,0,0,0,0,0,0,0,0,0,0,11,2024,0,-0.0008957304271277758,,West,Category_Office Supplies
0,0,0,0,0,0,0,0,0,0,0,0,0,0,0,0,0,0,12,2024,0,-0.000895723945565722,,West,Category_Office Supplies
0,0,0,0,0,0,0,0,0,0,0,0,0,0,0,0,0,0,1,2024,0,-0.0008954836179585157,,West,Category_Technology
0,0,0,0,0,0,0,0,0,0,0,0,0,0,0,0,0,0,2,2024,0,-0.0008954771363964618,,West,Category_Technology
0,0,0,0,0,0,0,0,0,0,0,0,0,0,0,0,0,0,3,2024,0,-0.000895470654834408,,West,Category_Technology
0,0,0,0,0,0,0,0,0,0,0,0,0,0,0,0,0,0,4,2024,0,-0.0008954641732723543,,West,Category_Technology
0,0,0,0,0,0,0,0,0,0,0,0,0,0,0,0,0,0,5,2024,0,-0.0008954576917103005,,West,Category_Technology
0,0,0,0,0,0,0,0,0,0,0,0,0,0,0,0,0,0,6,2024,0,-0.0008954512101482466,,West,Category_Technology
0,0,0,0,0,0,0,0,0,0,0,0,0,0,0,0,0,0,7,2024,0,-0.0008954447285861928,,West,Category_Technology
0,0,0,0,0,0,0,0,0,0,0,0,0,0,0,0,0,0,8,2024,0,-0.000895438247024139,,West,Category_Technology
0,0,0,0,0,0,0,0,0,0,0,0,0,0,0,0,0,0,9,2024,0,-0.0008954317654620852,,West,Category_Technology
0,0,0,0,0,0,0,0,0,0,0,0,0,0,0,0,0,0,10,2024,0,-0.0008954252839000313,,West,Category_Technology
0,0,0,0,0,0,0,0,0,0,0,0,0,0,0,0,0,0,11,2024,0,-0.0008954188023379776,,West,Category_Technology
0,0,0,0,0,0,0,0,0,0,0,0,0,0,0,0,0,0,12,2024,0,-0.0008954123207759238,,West,Category_Technology
0,0,0,0,0,0,0,0,0,0,0,0,0,0,0,0,0,0,1,2024,0,-0.0008956013432442089,,West,
0,0,0,0,0,0,0,0,0,0,0,0,0,0,0,0,0,0,2,2024,0,-0.0008955948616821551,,West,
0,0,0,0,0,0,0,0,0,0,0,0,0,0,0,0,0,0,3,2024,0,-0.0008955883801201013,,West,
0,0,0,0,0,0,0,0,0,0,0,0,0,0,0,0,0,0,4,2024,0,-0.0008955818985580475,,West,
0,0,0,0,0,0,0,0,0,0,0,0,0,0,0,0,0,0,5,2024,0,-0.0008955754169959936,,West,
0,0,0,0,0,0,0,0,0,0,0,0,0,0,0,0,0,0,6,2024,0,-0.0008955689354339399,,West,
0,0,0,0,0,0,0,0,0,0,0,0,0,0,0,0,0,0,7,2024,0,-0.0008955624538718861,,West,
0,0,0,0,0,0,0,0,0,0,0,0,0,0,0,0,0,0,8,2024,0,-0.0008955559723098323,,West,
0,0,0,0,0,0,0,0,0,0,0,0,0,0,0,0,0,0,9,2024,0,-0.0008955494907477784,,West,
0,0,0,0,0,0,0,0,0,0,0,0,0,0,0,0,0,0,10,2024,0,-0.0008955430091857246,,West,
0,0,0,0,0,0,0,0,0,0,0,0,0,0,0,0,0,0,11,2024,0,-0.0008955365276236708,,West,
0,0,0,0,0,0,0,0,0,0,0,0,0,0,0,0,0,0,12,2024,0,-0.000895530046061617,,West,
0,0,0,0,0,0,0,0,0,0,0,0,0,0,0,0,0,0,1,2024,0,-0.0008956013432442089,,West,
0,0,0,0,0,0,0,0,0,0,0,0,0,0,0,0,0,0,2,2024,0,-0.0008955948616821551,,West,
0,0,0,0,0,0,0,0,0,0,0,0,0,0,0,0,0,0,3,2024,0,-0.0008955883801201013,,West,
0,0,0,0,0,0,0,0,0,0,0,0,0,0,0,0,0,0,4,2024,0,-0.0008955818985580475,,West,
0,0,0,0,0,0,0,0,0,0,0,0,0,0,0,0,0,0,5,2024,0,-0.0008955754169959936,,West,
0,0,0,0,0,0,0,0,0,0,0,0,0,0,0,0,0,0,6,2024,0,-0.0008955689354339399,,West,
0,0,0,0,0,0,0,0,0,0,0,0,0,0,0,0,0,0,7,2024,0,-0.0008955624538718861,,West,
0,0,0,0,0,0,0,0,0,0,0,0,0,0,0,0,0,0,8,2024,0,-0.0008955559723098323,,West,
0,0,0,0,0,0,0,0,0,0,0,0,0,0,0,0,0,0,9,2024,0,-0.0008955494907477784,,West,
0,0,0,0,0,0,0,0,0,0,0,0,0,0,0,0,0,0,10,2024,0,-0.0008955430091857246,,West,
0,0,0,0,0,0,0,0,0,0,0,0,0,0,0,0,0,0,11,2024,0,-0.0008955365276236708,,West,
0,0,0,0,0,0,0,0,0,0,0,0,0,0,0,0,0,0,12,2024,0,-0.000895530046061617,,West,
0,0,0,0,0,0,0,0,0,0,0,0,0,0,0,0,0,0,1,2024,0,-0.0008956013432442089,,West,
0,0,0,0,0,0,0,0,0,0,0,0,0,0,0,0,0,0,2,2024,0,-0.0008955948616821551,,West,
0,0,0,0,0,0,0,0,0,0,0,0,0,0,0,0,0,0,3,2024,0,-0.0008955883801201013,,West,
0,0,0,0,0,0,0,0,0,0,0,0,0,0,0,0,0,0,4,2024,0,-0.0008955818985580475,,West,
0,0,0,0,0,0,0,0,0,0,0,0,0,0,0,0,0,0,5,2024,0,-0.0008955754169959936,,West,
0,0,0,0,0,0,0,0,0,0,0,0,0,0,0,0,0,0,6,2024,0,-0.0008955689354339399,,West,
0,0,0,0,0,0,0,0,0,0,0,0,0,0,0,0,0,0,7,2024,0,-0.0008955624538718861,,West,
0,0,0,0,0,0,0,0,0,0,0,0,0,0,0,0,0,0,8,2024,0,-0.0008955559723098323,,West,
0,0,0,0,0,0,0,0,0,0,0,0,0,0,0,0,0,0,9,2024,0,-0.0008955494907477784,,West,
0,0,0,0,0,0,0,0,0,0,0,0,0,0,0,0,0,0,10,2024,0,-0.0008955430091857246,,West,
0,0,0,0,0,0,0,0,0,0,0,0,0,0,0,0,0,0,11,2024,0,-0.0008955365276236708,,West,
0,0,0,0,0,0,0,0,0,0,0,0,0,0,0,0,0,0,12,2024,0,-0.000895530046061617,,West,
0,0,0,0,0,0,0,0,0,0,0,0,0,0,0,0,0,0,1,2024,0,-0.0008956013432442089,,West,
0,0,0,0,0,0,0,0,0,0,0,0,0,0,0,0,0,0,2,2024,0,-0.0008955948616821551,,West,
0,0,0,0,0,0,0,0,0,0,0,0,0,0,0,0,0,0,3,2024,0,-0.0008955883801201013,,West,
0,0,0,0,0,0,0,0,0,0,0,0,0,0,0,0,0,0,4,2024,0,-0.0008955818985580475,,West,
0,0,0,0,0,0,0,0,0,0,0,0,0,0,0,0,0,0,5,2024,0,-0.0008955754169959936,,West,
0,0,0,0,0,0,0,0,0,0,0,0,0,0,0,0,0,0,6,2024,0,-0.0008955689354339399,,West,
0,0,0,0,0,0,0,0,0,0,0,0,0,0,0,0,0,0,7,2024,0,-0.0008955624538718861,,West,
0,0,0,0,0,0,0,0,0,0,0,0,0,0,0,0,0,0,8,2024,0,-0.0008955559723098323,,West,
0,0,0,0,0,0,0,0,0,0,0,0,0,0,0,0,0,0,9,2024,0,-0.0008955494907477784,,West,
0,0,0,0,0,0,0,0,0,0,0,0,0,0,0,0,0,0,10,2024,0,-0.0008955430091857246,,West,
0,0,0,0,0,0,0,0,0,0,0,0,0,0,0,0,0,0,11,2024,0,-0.0008955365276236708,,West,
0,0,0,0,0,0,0,0,0,0,0,0,0,0,0,0,0,0,12,2024,0,-0.000895530046061617,,West,
0,0,0,0,0,0,0,0,0,0,0,0,0,0,0,0,0,0,1,2024,0,-0.0008956013432442089,,West,
0,0,0,0,0,0,0,0,0,0,0,0,0,0,0,0,0,0,2,2024,0,-0.0008955948616821551,,West,
0,0,0,0,0,0,0,0,0,0,0,0,0,0,0,0,0,0,3,2024,0,-0.0008955883801201013,,West,
0,0,0,0,0,0,0,0,0,0,0,0,0,0,0,0,0,0,4,2024,0,-0.0008955818985580475,,West,
0,0,0,0,0,0,0,0,0,0,0,0,0,0,0,0,0,0,5,2024,0,-0.0008955754169959936,,West,
0,0,0,0,0,0,0,0,0,0,0,0,0,0,0,0,0,0,6,2024,0,-0.0008955689354339399,,West,
0,0,0,0,0,0,0,0,0,0,0,0,0,0,0,0,0,0,7,2024,0,-0.0008955624538718861,,West,
0,0,0,0,0,0,0,0,0,0,0,0,0,0,0,0,0,0,8,2024,0,-0.0008955559723098323,,West,
0,0,0,0,0,0,0,0,0,0,0,0,0,0,0,0,0,0,9,2024,0,-0.0008955494907477784,,West,
0,0,0,0,0,0,0,0,0,0,0,0,0,0,0,0,0,0,10,2024,0,-0.0008955430091857246,,West,
0,0,0,0,0,0,0,0,0,0,0,0,0,0,0,0,0,0,11,2024,0,-0.0008955365276236708,,West,
0,0,0,0,0,0,0,0,0,0,0,0,0,0,0,0,0,0,12,2024,0,-0.000895530046061617,,West,
0,0,0,0,0,0,0,0,0,0,0,0,0,0,0,0,0,0,1,2024,0,-0.0008956013432442089,,West,
0,0,0,0,0,0,0,0,0,0,0,0,0,0,0,0,0,0,2,2024,0,-0.0008955948616821551,,West,
0,0,0,0,0,0,0,0,0,0,0,0,0,0,0,0,0,0,3,2024,0,-0.0008955883801201013,,West,
0,0,0,0,0,0,0,0,0,0,0,0,0,0,0,0,0,0,4,2024,0,-0.0008955818985580475,,West,
0,0,0,0,0,0,0,0,0,0,0,0,0,0,0,0,0,0,5,2024,0,-0.0008955754169959936,,West,
0,0,0,0,0,0,0,0,0,0,0,0,0,0,0,0,0,0,6,2024,0,-0.0008955689354339399,,West,
0,0,0,0,0,0,0,0,0,0,0,0,0,0,0,0,0,0,7,2024,0,-0.0008955624538718861,,West,
0,0,0,0,0,0,0,0,0,0,0,0,0,0,0,0,0,0,8,2024,0,-0.0008955559723098323,,West,
0,0,0,0,0,0,0,0,0,0,0,0,0,0,0,0,0,0,9,2024,0,-0.0008955494907477784,,West,
0,0,0,0,0,0,0,0,0,0,0,0,0,0,0,0,0,0,10,2024,0,-0.0008955430091857246,,West,
0,0,0,0,0,0,0,0,0,0,0,0,0,0,0,0,0,0,11,2024,0,-0.0008955365276236708,,West,
0,0,0,0,0,0,0,0,0,0,0,0,0,0,0,0,0,0,12,2024,0,-0.000895530046061617,,West,
0,0,0,0,0,0,0,0,0,0,0,0,0,0,0,0,0,0,1,2024,0,-0.0008956013432442089,,West,
0,0,0,0,0,0,0,0,0,0,0,0,0,0,0,0,0,0,2,2024,0,-0.0008955948616821551,,West,
0,0,0,0,0,0,0,0,0,0,0,0,0,0,0,0,0,0,3,2024,0,-0.0008955883801201013,,West,
0,0,0,0,0,0,0,0,0,0,0,0,0,0,0,0,0,0,4,2024,0,-0.0008955818985580475,,West,
0,0,0,0,0,0,0,0,0,0,0,0,0,0,0,0,0,0,5,2024,0,-0.0008955754169959936,,West,
0,0,0,0,0,0,0,0,0,0,0,0,0,0,0,0,0,0,6,2024,0,-0.0008955689354339399,,West,
0,0,0,0,0,0,0,0,0,0,0,0,0,0,0,0,0,0,7,2024,0,-0.0008955624538718861,,West,
0,0,0,0,0,0,0,0,0,0,0,0,0,0,0,0,0,0,8,2024,0,-0.0008955559723098323,,West,
0,0,0,0,0,0,0,0,0,0,0,0,0,0,0,0,0,0,9,2024,0,-0.0008955494907477784,,West,
0,0,0,0,0,0,0,0,0,0,0,0,0,0,0,0,0,0,10,2024,0,-0.0008955430091857246,,West,
0,0,0,0,0,0,0,0,0,0,0,0,0,0,0,0,0,0,11,2024,0,-0.0008955365276236708,,West,
0,0,0,0,0,0,0,0,0,0,0,0,0,0,0,0,0,0,12,2024,0,-0.000895530046061617,,West,
0,0,0,0,0,0,0,0,0,0,0,0,0,0,0,0,0,0,1,2024,0,-0.0008956013432442089,,West,
0,0,0,0,0,0,0,0,0,0,0,0,0,0,0,0,0,0,2,2024,0,-0.0008955948616821551,,West,
0,0,0,0,0,0,0,0,0,0,0,0,0,0,0,0,0,0,3,2024,0,-0.0008955883801201013,,West,
0,0,0,0,0,0,0,0,0,0,0,0,0,0,0,0,0,0,4,2024,0,-0.0008955818985580475,,West,
0,0,0,0,0,0,0,0,0,0,0,0,0,0,0,0,0,0,5,2024,0,-0.0008955754169959936,,West,
0,0,0,0,0,0,0,0,0,0,0,0,0,0,0,0,0,0,6,2024,0,-0.0008955689354339399,,West,
0,0,0,0,0,0,0,0,0,0,0,0,0,0,0,0,0,0,7,2024,0,-0.0008955624538718861,,West,
0,0,0,0,0,0,0,0,0,0,0,0,0,0,0,0,0,0,8,2024,0,-0.0008955559723098323,,West,
0,0,0,0,0,0,0,0,0,0,0,0,0,0,0,0,0,0,9,2024,0,-0.0008955494907477784,,West,
0,0,0,0,0,0,0,0,0,0,0,0,0,0,0,0,0,0,10,2024,0,-0.0008955430091857246,,West,
0,0,0,0,0,0,0,0,0,0,0,0,0,0,0,0,0,0,11,2024,0,-0.0008955365276236708,,West,
0,0,0,0,0,0,0,0,0,0,0,0,0,0,0,0,0,0,12,2024,0,-0.000895530046061617,,West,
0,0,0,0,0,0,0,0,0,0,0,0,0,0,0,0,0,0,1,2024,0,-0.0008956013432442089,,West,
0,0,0,0,0,0,0,0,0,0,0,0,0,0,0,0,0,0,2,2024,0,-0.0008955948616821551,,West,
0,0,0,0,0,0,0,0,0,0,0,0,0,0,0,0,0,0,3,2024,0,-0.0008955883801201013,,West,
0,0,0,0,0,0,0,0,0,0,0,0,0,0,0,0,0,0,4,2024,0,-0.0008955818985580475,,West,
0,0,0,0,0,0,0,0,0,0,0,0,0,0,0,0,0,0,5,2024,0,-0.0008955754169959936,,West,
0,0,0,0,0,0,0,0,0,0,0,0,0,0,0,0,0,0,6,2024,0,-0.0008955689354339399,,West,
0,0,0,0,0,0,0,0,0,0,0,0,0,0,0,0,0,0,7,2024,0,-0.0008955624538718861,,West,
0,0,0,0,0,0,0,0,0,0,0,0,0,0,0,0,0,0,8,2024,0,-0.0008955559723098323,,West,
0,0,0,0,0,0,0,0,0,0,0,0,0,0,0,0,0,0,9,2024,0,-0.0008955494907477784,,West,
0,0,0,0,0,0,0,0,0,0,0,0,0,0,0,0,0,0,10,2024,0,-0.0008955430091857246,,West,
0,0,0,0,0,0,0,0,0,0,0,0,0,0,0,0,0,0,11,2024,0,-0.0008955365276236708,,West,
0,0,0,0,0,0,0,0,0,0,0,0,0,0,0,0,0,0,12,2024,0,-0.000895530046061617,,West,
0,0,0,0,0,0,0,0,0,0,0,0,0,0,0,0,0,0,1,2024,0,-0.0008956013432442089,,West,
0,0,0,0,0,0,0,0,0,0,0,0,0,0,0,0,0,0,2,2024,0,-0.0008955948616821551,,West,
0,0,0,0,0,0,0,0,0,0,0,0,0,0,0,0,0,0,3,2024,0,-0.0008955883801201013,,West,
0,0,0,0,0,0,0,0,0,0,0,0,0,0,0,0,0,0,4,2024,0,-0.0008955818985580475,,West,
0,0,0,0,0,0,0,0,0,0,0,0,0,0,0,0,0,0,5,2024,0,-0.0008955754169959936,,West,
0,0,0,0,0,0,0,0,0,0,0,0,0,0,0,0,0,0,6,2024,0,-0.0008955689354339399,,West,
0,0,0,0,0,0,0,0,0,0,0,0,0,0,0,0,0,0,7,2024,0,-0.0008955624538718861,,West,
0,0,0,0,0,0,0,0,0,0,0,0,0,0,0,0,0,0,8,2024,0,-0.0008955559723098323,,West,
0,0,0,0,0,0,0,0,0,0,0,0,0,0,0,0,0,0,9,2024,0,-0.0008955494907477784,,West,
0,0,0,0,0,0,0,0,0,0,0,0,0,0,0,0,0,0,10,2024,0,-0.0008955430091857246,,West,
0,0,0,0,0,0,0,0,0,0,0,0,0,0,0,0,0,0,11,2024,0,-0.0008955365276236708,,West,
0,0,0,0,0,0,0,0,0,0,0,0,0,0,0,0,0,0,12,2024,0,-0.000895530046061617,,West,
0,0,0,0,0,0,0,0,0,0,0,0,0,0,0,0,0,0,1,2024,0,-0.0008956013432442089,,West,
0,0,0,0,0,0,0,0,0,0,0,0,0,0,0,0,0,0,2,2024,0,-0.0008955948616821551,,West,
0,0,0,0,0,0,0,0,0,0,0,0,0,0,0,0,0,0,3,2024,0,-0.0008955883801201013,,West,
0,0,0,0,0,0,0,0,0,0,0,0,0,0,0,0,0,0,4,2024,0,-0.0008955818985580475,,West,
0,0,0,0,0,0,0,0,0,0,0,0,0,0,0,0,0,0,5,2024,0,-0.0008955754169959936,,West,
0,0,0,0,0,0,0,0,0,0,0,0,0,0,0,0,0,0,6,2024,0,-0.0008955689354339399,,West,
0,0,0,0,0,0,0,0,0,0,0,0,0,0,0,0,0,0,7,2024,0,-0.0008955624538718861,,West,
0,0,0,0,0,0,0,0,0,0,0,0,0,0,0,0,0,0,8,2024,0,-0.0008955559723098323,,West,
0,0,0,0,0,0,0,0,0,0,0,0,0,0,0,0,0,0,9,2024,0,-0.0008955494907477784,,West,
0,0,0,0,0,0,0,0,0,0,0,0,0,0,0,0,0,0,10,2024,0,-0.0008955430091857246,,West,
0,0,0,0,0,0,0,0,0,0,0,0,0,0,0,0,0,0,11,2024,0,-0.0008955365276236708,,West,
0,0,0,0,0,0,0,0,0,0,0,0,0,0,0,0,0,0,12,2024,0,-0.000895530046061617,,West,
0,0,0,0,0,0,0,0,0,0,0,0,0,0,0,0,0,0,1,2024,0,-0.0008956013432442089,,West,
0,0,0,0,0,0,0,0,0,0,0,0,0,0,0,0,0,0,2,2024,0,-0.0008955948616821551,,West,
0,0,0,0,0,0,0,0,0,0,0,0,0,0,0,0,0,0,3,2024,0,-0.0008955883801201013,,West,
0,0,0,0,0,0,0,0,0,0,0,0,0,0,0,0,0,0,4,2024,0,-0.0008955818985580475,,West,
0,0,0,0,0,0,0,0,0,0,0,0,0,0,0,0,0,0,5,2024,0,-0.0008955754169959936,,West,
0,0,0,0,0,0,0,0,0,0,0,0,0,0,0,0,0,0,6,2024,0,-0.0008955689354339399,,West,
0,0,0,0,0,0,0,0,0,0,0,0,0,0,0,0,0,0,7,2024,0,-0.0008955624538718861,,West,
0,0,0,0,0,0,0,0,0,0,0,0,0,0,0,0,0,0,8,2024,0,-0.0008955559723098323,,West,
0,0,0,0,0,0,0,0,0,0,0,0,0,0,0,0,0,0,9,2024,0,-0.0008955494907477784,,West,
0,0,0,0,0,0,0,0,0,0,0,0,0,0,0,0,0,0,10,2024,0,-0.0008955430091857246,,West,
0,0,0,0,0,0,0,0,0,0,0,0,0,0,0,0,0,0,11,2024,0,-0.0008955365276236708,,West,
0,0,0,0,0,0,0,0,0,0,0,0,0,0,0,0,0,0,12,2024,0,-0.000895530046061617,,West,
0,0,0,0,0,0,0,0,0,0,0,0,0,0,0,0,0,0,1,2024,0,-0.0008956013432442089,,West,
0,0,0,0,0,0,0,0,0,0,0,0,0,0,0,0,0,0,2,2024,0,-0.0008955948616821551,,West,
0,0,0,0,0,0,0,0,0,0,0,0,0,0,0,0,0,0,3,2024,0,-0.0008955883801201013,,West,
0,0,0,0,0,0,0,0,0,0,0,0,0,0,0,0,0,0,4,2024,0,-0.0008955818985580475,,West,
0,0,0,0,0,0,0,0,0,0,0,0,0,0,0,0,0,0,5,2024,0,-0.0008955754169959936,,West,
0,0,0,0,0,0,0,0,0,0,0,0,0,0,0,0,0,0,6,2024,0,-0.0008955689354339399,,West,
0,0,0,0,0,0,0,0,0,0,0,0,0,0,0,0,0,0,7,2024,0,-0.0008955624538718861,,West,
0,0,0,0,0,0,0,0,0,0,0,0,0,0,0,0,0,0,8,2024,0,-0.0008955559723098323,,West,
0,0,0,0,0,0,0,0,0,0,0,0,0,0,0,0,0,0,9,2024,0,-0.0008955494907477784,,West,
0,0,0,0,0,0,0,0,0,0,0,0,0,0,0,0,0,0,10,2024,0,-0.0008955430091857246,,West,
0,0,0,0,0,0,0,0,0,0,0,0,0,0,0,0,0,0,11,2024,0,-0.0008955365276236708,,West,
0,0,0,0,0,0,0,0,0,0,0,0,0,0,0,0,0,0,12,2024,0,-0.000895530046061617,,West,
0,0,0,0,0,0,0,0,0,0,0,0,0,0,0,0,0,0,1,2024,0,-0.0008956013432442089,,West,
0,0,0,0,0,0,0,0,0,0,0,0,0,0,0,0,0,0,2,2024,0,-0.0008955948616821551,,West,
0,0,0,0,0,0,0,0,0,0,0,0,0,0,0,0,0,0,3,2024,0,-0.0008955883801201013,,West,
0,0,0,0,0,0,0,0,0,0,0,0,0,0,0,0,0,0,4,2024,0,-0.0008955818985580475,,West,
0,0,0,0,0,0,0,0,0,0,0,0,0,0,0,0,0,0,5,2024,0,-0.0008955754169959936,,West,
0,0,0,0,0,0,0,0,0,0,0,0,0,0,0,0,0,0,6,2024,0,-0.0008955689354339399,,West,
0,0,0,0,0,0,0,0,0,0,0,0,0,0,0,0,0,0,7,2024,0,-0.0008955624538718861,,West,
0,0,0,0,0,0,0,0,0,0,0,0,0,0,0,0,0,0,8,2024,0,-0.0008955559723098323,,West,
0,0,0,0,0,0,0,0,0,0,0,0,0,0,0,0,0,0,9,2024,0,-0.0008955494907477784,,West,
0,0,0,0,0,0,0,0,0,0,0,0,0,0,0,0,0,0,10,2024,0,-0.0008955430091857246,,West,
0,0,0,0,0,0,0,0,0,0,0,0,0,0,0,0,0,0,11,2024,0,-0.0008955365276236708,,West,
0,0,0,0,0,0,0,0,0,0,0,0,0,0,0,0,0,0,12,2024,0,-0.000895530046061617,,West,
0,0,0,0,0,0,0,0,0,0,0,0,0,0,0,0,0,0,1,2024,0,-0.0008956013432442089,,West,
0,0,0,0,0,0,0,0,0,0,0,0,0,0,0,0,0,0,2,2024,0,-0.0008955948616821551,,West,
0,0,0,0,0,0,0,0,0,0,0,0,0,0,0,0,0,0,3,2024,0,-0.0008955883801201013,,West,
0,0,0,0,0,0,0,0,0,0,0,0,0,0,0,0,0,0,4,2024,0,-0.0008955818985580475,,West,
0,0,0,0,0,0,0,0,0,0,0,0,0,0,0,0,0,0,5,2024,0,-0.0008955754169959936,,West,
0,0,0,0,0,0,0,0,0,0,0,0,0,0,0,0,0,0,6,2024,0,-0.0008955689354339399,,West,
0,0,0,0,0,0,0,0,0,0,0,0,0,0,0,0,0,0,7,2024,0,-0.0008955624538718861,,West,
0,0,0,0,0,0,0,0,0,0,0,0,0,0,0,0,0,0,8,2024,0,-0.0008955559723098323,,West,
0,0,0,0,0,0,0,0,0,0,0,0,0,0,0,0,0,0,9,2024,0,-0.0008955494907477784,,West,
0,0,0,0,0,0,0,0,0,0,0,0,0,0,0,0,0,0,10,2024,0,-0.0008955430091857246,,West,
0,0,0,0,0,0,0,0,0,0,0,0,0,0,0,0,0,0,11,2024,0,-0.0008955365276236708,,West,
0,0,0,0,0,0,0,0,0,0,0,0,0,0,0,0,0,0,12,2024,0,-0.000895530046061617,,West,
0,0,0,0,0,0,0,0,0,0,0,0,0,0,0,0,0,0,1,2024,0,-0.0008956013432442089,,West,
0,0,0,0,0,0,0,0,0,0,0,0,0,0,0,0,0,0,2,2024,0,-0.0008955948616821551,,West,
0,0,0,0,0,0,0,0,0,0,0,0,0,0,0,0,0,0,3,2024,0,-0.0008955883801201013,,West,
0,0,0,0,0,0,0,0,0,0,0,0,0,0,0,0,0,0,4,2024,0,-0.0008955818985580475,,West,
0,0,0,0,0,0,0,0,0,0,0,0,0,0,0,0,0,0,5,2024,0,-0.0008955754169959936,,West,
0,0,0,0,0,0,0,0,0,0,0,0,0,0,0,0,0,0,6,2024,0,-0.0008955689354339399,,West,
0,0,0,0,0,0,0,0,0,0,0,0,0,0,0,0,0,0,7,2024,0,-0.0008955624538718861,,West,
0,0,0,0,0,0,0,0,0,0,0,0,0,0,0,0,0,0,8,2024,0,-0.0008955559723098323,,West,
0,0,0,0,0,0,0,0,0,0,0,0,0,0,0,0,0,0,9,2024,0,-0.0008955494907477784,,West,
0,0,0,0,0,0,0,0,0,0,0,0,0,0,0,0,0,0,10,2024,0,-0.0008955430091857246,,West,
0,0,0,0,0,0,0,0,0,0,0,0,0,0,0,0,0,0,11,2024,0,-0.0008955365276236708,,West,
0,0,0,0,0,0,0,0,0,0,0,0,0,0,0,0,0,0,12,2024,0,-0.000895530046061617,,West,
0,0,0,0,0,0,0,0,0,0,0,0,0,0,0,0,0,0,1,2024,0,-0.0008956013432442089,,West,
0,0,0,0,0,0,0,0,0,0,0,0,0,0,0,0,0,0,2,2024,0,-0.0008955948616821551,,West,
0,0,0,0,0,0,0,0,0,0,0,0,0,0,0,0,0,0,3,2024,0,-0.0008955883801201013,,West,
0,0,0,0,0,0,0,0,0,0,0,0,0,0,0,0,0,0,4,2024,0,-0.0008955818985580475,,West,
0,0,0,0,0,0,0,0,0,0,0,0,0,0,0,0,0,0,5,2024,0,-0.0008955754169959936,,West,
0,0,0,0,0,0,0,0,0,0,0,0,0,0,0,0,0,0,6,2024,0,-0.0008955689354339399,,West,
0,0,0,0,0,0,0,0,0,0,0,0,0,0,0,0,0,0,7,2024,0,-0.0008955624538718861,,West,
0,0,0,0,0,0,0,0,0,0,0,0,0,0,0,0,0,0,8,2024,0,-0.0008955559723098323,,West,
0,0,0,0,0,0,0,0,0,0,0,0,0,0,0,0,0,0,9,2024,0,-0.0008955494907477784,,West,
0,0,0,0,0,0,0,0,0,0,0,0,0,0,0,0,0,0,10,2024,0,-0.0008955430091857246,,West,
0,0,0,0,0,0,0,0,0,0,0,0,0,0,0,0,0,0,11,2024,0,-0.0008955365276236708,,West,
0,0,0,0,0,0,0,0,0,0,0,0,0,0,0,0,0,0,12,2024,0,-0.000895530046061617,,West,
